pdbid,cutoff_a,targeted_residues,targeted_count,mapped_count,unmapped_count,actual_changes_gly,actual_changes_phe
1B56,5.0,A:ILE:107;A:ARG:109;A:VAL:118;A:ARG:129;A:TYR:131,5,5,0,5,5
1DSY,5.0,A:ASP:187;A:PRO:188;A:ASN:189;A:ASP:193;A:ARG:216;A:ASP:246;A:TRP:247;A:ASP:248;A:ARG:249,9,9,0,9,9
1FE3,5.0,A:PRO:38;A:VAL:40;A:THR:53;A:ARG:106;A:MET:115;A:ARG:126;A:TYR:128,7,7,0,7,7
1FK1,5.0,A:ASN:37;A:ALA:40;A:ARG:46;A:ALA:49;A:ILE:79;A:TYR:81,6,6,0,6,6
1FK4,5.0,A:ARG:46;A:ALA:49;A:CYS:50;A:ILE:79;A:PRO:80;A:TYR:81;A:VAL:92,7,7,0,7,7
1H6H,5.0,A:HIS:38;A:ARG:58;A:TYR:59;A:ARG:60;A:LYS:92;A:TYR:94;A:ARG:105,7,7,0,7,7
1HMR,5.0,A:LEU:10;A:PRO:38;A:THR:40;A:THR:53;A:ARG:106;A:LEU:115;A:ARG:126;A:TYR:128,8,8,0,8,8
1HMS,5.0,A:LEU:10;A:PRO:38;A:THR:40;A:THR:53;A:ARG:106;A:LEU:115;A:ARG:126;A:TYR:128,8,8,0,8,8
1HMT,5.0,A:LEU:10;A:PRO:38;A:THR:40;A:THR:53;A:ARG:106;A:LEU:115;A:ARG:126;A:TYR:128,8,8,0,8,8
1ICM,5.0,A:VAL:49;A:GLU:51;A:VAL:60;A:PHE:62;A:PHE:68;A:TRP:82;A:ARG:106,7,7,0,7,5
1IKT,5.0,A:TRP:36;A:PRO:89;A:GLN:90;A:PHE:93;A:PHE:94;A:LEU:98;A:ILE:104;A:MET:105;A:SER:107;A:GLN:108;A:GLN:111,11,11,0,11,9
1LID,5.0,A:MET:40;A:ARG:106;A:VAL:115;A:ARG:126;A:TYR:128,5,5,0,5,5
1LN1,5.0,A:TYR:72;A:ARG:78;A:TRP:101;A:TYR:116;A:TYR:155;A:GLN:157;A:MET:173;A:PHE:199;A:MET:203,9,9,0,9,8
1LRI,5.0,A:PRO:42;A:TYR:47;A:TYR:87;A:PHE:91,4,4,0,4,3
1LV2,5.0,A:SER:141;A:GLN:145;A:LEU:179;A:ALA:183;A:ARG:186;A:LEU:196,6,6,0,6,6
1MZM,5.0,A:ASN:37;A:ARG:46;A:ILE:79;A:PRO:80;A:TYR:81;A:VAL:92,6,6,0,6,6
1N83,5.0,A:ALA:330;A:ARG:367;A:ARG:370,3,3,0,3,3
1O8V,5.0,A:ARG:107;A:ALA:116;A:VAL:118;A:ARG:127;A:TYR:129,5,5,0,5,5
1P6E,5.0,A:GLU:4;A:HIS:14;A:ASN:55;A:PHE:66;A:HIS:69;A:PHE:70;A:HIS:118;A:ASP:122;A:HIS:128;A:HIS:142;A:GLU:146,11,11,0,11,9
1PUB,5.0,A:LEU:55;A:ILE:66;A:ILE:72;A:TYR:137;A:LEU:159,5,5,0,5,5
1PZ4,5.0,A:ILE:19;A:ARG:24;A:GLN:25;A:VAL:26,4,4,0,4,4
1S8G,5.0,A:LEU:5;A:ILE:9;A:CYS:29;A:CYS:45;A:HIS:48;A:LYS:49;A:VAL:102;A:LEU:106,8,8,0,8,8
1T27,5.0,A:GLN:22;A:GLU:86;A:ALA:88;A:CYS:95;A:THR:97;A:ILE:112;A:THR:114;A:LYS:195;A:GLU:218;A:PHE:222,10,10,0,10,9
1TC8,5.0,A:TYR:22;A:CYS:29;A:CYS:45;A:HIS:48;A:ASP:49;A:PHE:101,6,6,0,6,5
2A1L,5.0,A:GLN:22;A:VAL:26;A:GLU:85;A:CYS:94;A:THR:96;A:ILE:111;A:THR:113;A:LYS:194;A:GLU:217;A:PHE:221,10,10,0,10,9
2BV7,5.0,A:ASP:48;A:ASN:52;A:TRP:96;A:TYR:207;A:VAL:209,5,5,0,5,5
2DT8,5.0,A:LEU:28;A:THR:61;A:GLN:63;A:SER:93;A:THR:95;A:ARG:170;A:VAL:263;A:HIS:267,8,8,0,8,8
2E3N,5.0,A:PHE:436;A:ARG:442;A:TRP:445;A:GLU:446;A:ILE:449;A:GLN:467;A:HIS:469;A:TYR:482;A:ASN:504;A:ILE:523;A:VAL:525;A:TYR:553;A:PHE:579,13,13,0,13,11
2FTB,5.0,A:LEU:18;A:LEU:23;A:ALA:31;A:GLN:56;A:MET:73,5,5,0,5,5
2HMB,5.0,A:PRO:38;A:THR:40;A:THR:53;A:LEU:115;A:ARG:126;A:TYR:128,6,6,0,6,6
2IFB,5.0,A:VAL:49;A:VAL:60;A:PHE:62;A:PHE:68;A:TRP:82;A:ARG:106,6,6,0,6,4
2OVD,5.0,A:ARG:70;A:ARG:100;A:ARG:122;A:LYS:129,4,4,0,4,4
2WC5,5.0,A:ARG:67;A:GLU:98;A:ARG:110;A:VAL:111;A:VAL:114,5,5,0,5,5
2WEW,5.0,A:PHE:63;A:TRP:100;A:GLU:136;A:ARG:143;A:LEU:145;A:TYR:147,6,6,0,6,5
2WEX,5.0,A:PHE:63;A:PHE:71;A:TRP:100;A:TYR:102;A:GLU:136;A:ARG:143;A:LEU:145;A:TYR:147,8,8,0,8,6
2WR6,5.0,A:LYS:29;A:PRO:32;A:LEU:35;A:PHE:36;A:LEU:37;A:ARG:121;A:PHE:135,7,7,0,7,5
2WUT,5.0,A:VAL:40;A:ILE:104;A:ARG:106;A:ALA:115;A:CYS:117;A:ARG:126;A:TYR:128,7,7,0,7,7
2Z9Y,5.0,A:PHE:436;A:TRP:445;A:GLU:446;A:ILE:449;A:GLN:467;A:TYR:482;A:ASN:504;A:ILE:523;A:VAL:525;A:TYR:553;A:PHE:579,11,11,0,11,9
2Z9Z,5.0,A:PHE:436;A:ARG:442;A:TRP:445;A:GLU:446;A:ILE:449;A:GLN:467;A:HIS:469;A:TYR:482;A:ALA:504;A:ILE:523;A:VAL:525;A:TYR:553;A:PHE:579,13,13,0,13,11
3AKN,5.0,A:MET:18;A:ILE:23;A:LYS:27;A:PHE:55;A:ALA:73;A:ASP:74,6,6,0,6,5
3BFH,5.0,A:VAL:9;A:LEU:12;A:PHE:56;A:LEU:73,4,4,0,4,3
3BKR,5.0,A:VAL:19;A:ARG:24;A:SER:25;A:PHE:26;A:LYS:116,5,5,0,5,4
3BKS,5.0,A:VAL:19;A:ARG:24;A:SER:25;A:PHE:26,4,4,0,4,3
3FYS,5.0,A:LEU:28;A:THR:61;A:GLN:63;A:SER:93;A:THR:95;A:ARG:172;A:HIS:268,7,7,0,7,7
3GPE,5.0,A:TYR:195;A:LYS:197;A:ASN:206;A:LYS:209;A:LYS:211;A:TRP:245;A:ASN:253,7,7,0,7,7
3KYQ,5.0,A:PHE:28;A:GLN:32;A:GLU:63;A:TYR:64,4,4,0,4,3
3LUP,5.0,A:THR:61;A:GLN:63;A:SER:94;A:ARG:172,4,4,0,4,4
3PEG,5.0,A:TYR:1650;A:LEU:1679;A:ARG:1684,3,3,0,3,3
3PL5,5.0,A:LEU:28;A:THR:62;A:GLN:64;A:SER:94;A:THR:96;A:ARG:176;A:HIS:270,7,7,0,7,7
3PPT,5.0,A:LEU:11;A:PRO:39;A:GLN:41;A:THR:54;A:ARG:106;A:MET:115;A:ARG:126;A:TYR:128,8,8,0,8,8
3S0K,5.0,A:ASP:48;A:TRP:96;A:TYR:207;A:VAL:209,4,4,0,4,4
3STM,5.0,X:SER:39;X:ILE:52;X:ASN:111;X:ARG:122;X:SER:124,5,5,0,5,5
3W9K,5.0,A:MET:2;A:ALA:105;A:LYS:109,3,3,0,3,3
3WEB,5.0,A:LEU:68;A:LYS:69;A:LYS:70;A:VAL:95,4,4,0,4,4
4AZP,5.0,A:PHE:19;A:CYS:43;A:THR:56;A:ILE:107;A:ARG:109;A:VAL:118;A:CYS:120;A:ARG:129;A:TYR:131,9,9,0,9,8
4DOL,5.0,A:ARG:44;A:TYR:56;A:ALA:116;A:VAL:193;A:VAL:200,5,5,0,5,5
4INQ,5.0,A:SER:657;A:ALA:659;A:MET:660;A:ASN:665;A:LYS:717;A:ASN:720;A:HIS:745;A:ARG:746;A:LYS:941;A:GLU:945;A:ARG:949;A:ARG:952,12,12,0,12,12
4K80,5.0,A:ASP:56;A:LYS:60;A:ARG:97;A:ARG:106;A:ARG:110,5,5,0,5,5
4NS0,5.0,A:TYR:421;A:LYS:423;A:LYS:435;A:ARG:437;A:GLU:475;A:ASN:481,6,6,0,6,6
4QA8,5.0,A:PRO:88;A:VAL:112;A:MET:114;A:ILE:149,4,4,0,4,4
4TW3,5.0,A:GLU:45;A:ALA:48;A:GLU:73;A:HIS:76;A:GLN:123;A:ILE:127;A:GLU:128;A:ALA:131;A:TYR:135;A:GLU:157;A:HIS:160,11,11,0,11,11
4WBK,5.0,A:PRO:38;A:THR:40;A:THR:53;A:ARG:106;A:LEU:115;A:ARG:126;A:TYR:128,7,7,0,7,7
4X9X,5.0,A:LEU:29;A:THR:61;A:SER:62;A:GLN:63;A:SER:93;A:THR:95;A:ARG:170;A:HIS:266,8,8,0,8,8
5BVT,5.0,A:PHE:19;A:LEU:78;A:ILE:108;A:ARG:110;A:VAL:119;A:CYS:121;A:ARG:130;A:TYR:132,8,8,0,8,7
5NU2,5.0,A:LYS:29;A:PRO:32;A:LEU:35;A:PHE:36;A:LEU:37;A:ARG:121;A:PHE:135,7,7,0,7,5
5NU6,5.0,A:LYS:29;A:ASP:31;A:PRO:32;A:LEU:35;A:PHE:36;A:LEU:37;A:PHE:135,7,7,0,7,5
5NUA,5.0,A:LYS:29;A:PRO:32;A:LEU:35;A:PHE:36;A:LEU:37;A:ARG:121;A:PHE:135,7,7,0,7,5
5UWZ,5.0,A:GLU:33;A:ALA:36;A:GLU:61;A:GLN:111;A:ILE:115;A:GLU:116;A:ALA:119;A:TYR:123;A:GLU:145,9,9,0,9,9
6C74,5.0,A:ARG:42;A:LEU:97;A:ASP:98;A:MET:100,4,4,0,4,4
6DGG,5.0,A:SER:169;A:ASN:172;A:VAL:173;A:TYR:183;A:VAL:185;A:ARG:187;A:ASN:202,7,7,0,7,7
6DKE,5.0,A:THR:61;A:GLN:63;A:SER:94;A:ARG:172;A:HIS:268,5,5,0,5,5
6E5F,5.0,A:GLN:152;A:SER:154;A:SER:173,3,3,0,3,3
6EW2,5.0,A:VAL:40;A:ILE:104;A:ARG:106;A:ALA:115;A:ARG:126;A:TYR:128,6,6,0,6,6
6EW4,5.0,A:VAL:40;A:THR:53;A:ILE:104;A:ARG:106;A:ALA:115;A:ARG:126;A:TYR:128,7,7,0,7,7
6GE7,5.0,A:LYS:69;A:ILE:71,2,2,0,2,2
6GF9,5.0,A:LYS:69;A:ILE:71,2,2,0,2,2
6GFS,5.0,A:LYS:60;A:GLU:62;A:LYS:69,3,3,0,3,3
6IWP,5.0,A:ASP:8;A:ALA:12;A:VAL:15;A:ARG:58;A:TYR:59,5,5,0,5,5
6LX7,5.0,A:PHE:273;A:GLN:277;A:SER:280;A:TYR:314;A:HIS:440;A:VAL:444;A:LEU:460;A:TYR:464,8,8,0,8,7
6NOK,5.0,A:THR:61;A:GLN:63;A:LEU:89;A:SER:94;A:ARG:172;A:HIS:268,6,6,0,6,6
6XU5,5.0,A:VAL:40;A:THR:53;A:ILE:104;A:ARG:106;A:ALA:115;A:CYS:117;A:ARG:126;A:TYR:128,8,8,0,8,8
7E25,5.0,A:LEU:11;A:PRO:39;A:VAL:41;A:THR:54;A:ARG:107;A:MET:116;A:ARG:127;A:TYR:129,8,8,0,8,8
7FXL,5.0,A:CYS:40;A:THR:53;A:ARG:106;A:VAL:115;A:CYS:117;A:ARG:126;A:TYR:128,7,7,0,7,7
7FY1,5.0,A:VAL:41;A:ILE:105;A:ARG:107;A:VAL:116;A:CYS:118;A:ARG:127;A:TYR:129,7,7,0,7,7
7FZK,5.0,A:LEU:10;A:PRO:38;A:THR:40;A:THR:53;A:ARG:106;A:LEU:115;A:LEU:117;A:ARG:126;A:TYR:128,9,9,0,9,9
7JX2,5.0,A:LYS:40;A:TYR:60;A:GLU:72;A:LEU:77;A:GLN:97;A:TRP:106;A:LEU:117;A:LEU:119,8,8,0,8,8
7K3I,5.0,A:LYS:40;A:THR:53;A:TYR:60;A:TRP:106;A:GLN:108;A:LEU:117;A:LEU:119,7,7,0,7,7
7M6C,5.0,A:CYS:48;A:CYS:64;A:HIS:67;A:LYS:68,4,4,0,4,4
7Q02,5.0,A:VAL:33;A:ASP:53;A:GLU:61;A:HIS:63;A:MET:78;A:THR:81;A:GLU:83;A:TYR:84,8,8,0,8,8
7RJI,5.0,A:PHE:5;A:ILE:9;A:TYR:21;A:CYS:44;A:HIS:47;A:PHE:96,6,6,0,6,4
7U9D,5.0,A:TYR:72;A:ARG:78;A:TRP:101;A:TYR:116;A:TYR:155;A:GLN:157;A:MET:173;A:PHE:199,8,8,0,8,7
7VR6,5.0,A:TYR:100;A:MET:173;A:LYS:177,3,3,0,3,3
7WVT,5.0,A:ALA:118;A:GLU:249;A:PRO:253;A:GLU:254;A:SER:255;A:LEU:256;A:VAL:282;A:VAL:283;A:LYS:286,9,9,0,9,9
7YF1,5.0,A:LEU:11;A:PRO:39;A:THR:41;A:THR:54;A:ARG:107;A:LEU:116;A:ARG:127;A:TYR:129,8,8,0,8,8
7Z6W,5.0,A:GLN:22;A:PHE:140;A:ALA:142;A:SER:150;A:TYR:152,5,5,0,5,4
8GOT,5.0,A:VAL:74;A:PHE:76;A:THR:77;A:HIS:78;A:HIS:79;A:LYS:198,6,6,0,6,5
8GYN,5.0,A:TYR:74;A:ARG:75;A:ARG:91,3,3,0,3,3
8IVL,5.0,A:PRO:39;A:VAL:41;A:THR:54;A:ARG:127;A:TYR:129,5,5,0,5,5
8QJZ,5.0,A:ASN:79;A:ARG:80;A:TYR:125;A:ARG:157;A:SER:160;A:LYS:161;A:ASN:164;A:HIS:195,8,8,0,8,8
8T5T,5.0,A:TYR:41;A:ASP:45;A:PHE:47;A:LEU:80;A:LEU:89,5,5,0,5,4
