pdbid,method,pose_index,pairing_method,ligand_heavy_atoms,ligand_rmsd,protein_pairs,protein_rmsd,precision,recall,f1,jaccard,distance_mae,ref_contacts,pred_contacts,shared_contacts,residue_precision,residue_recall,residue_f1,residue_jaccard,residue_shared,residue_ref_size,residue_pred_size
1B56,boltz,1,RDKit,18,2.1094379371118603,133,0.45209804159288164,0.2857142857142857,0.3125,0.29850746268656714,0.17543859649122806,0.30049934387207033,32,35,10,0.85,0.9444444444444444,0.8947368421052632,0.8095238095238095,17,18,20
1B56,vina_best,3,RDKit,18,1.5084082117693953,133,8.33718951052895e-15,0.2222222222222222,0.0625,0.0975609756097561,0.05128205128205128,0.34173476696014404,32,9,2,1.0,0.2222222222222222,0.3636363636363636,0.2222222222222222,4,18,4
1B56,vina_median,,,18.0,4.084216920497543,133.0,8.33718951052895e-15,0.0,0.0,0.0,0.0,0.2946697473526001,32.0,9.0,0.0,1.0,0.2222222222222222,0.3636363636363636,0.2222222222222222,4.0,18.0,4.0
1DSY,boltz,1,RDKit,25,12.786540322399166,137,0.4062292839289706,0.038461538461538464,0.029411764705882353,0.03333333333333333,0.01694915254237288,0.8412482738494873,34,26,1,0.3333333333333333,0.25,0.28571428571428575,0.16666666666666666,3,12,9
1DSY,vina_best,14,RDKit,25,3.967411786038857,137,5.331296896568333e-15,0.0,0.0,0.0,0.0,nan,34,7,0,1.0,0.3333333333333333,0.5,0.3333333333333333,4,12,4
1DSY,vina_median,,,25.0,5.958081191121854,137.0,5.331296896568333e-15,0.0,0.0,0.0,0.0,,34.0,10.0,0.0,1.0,0.3333333333333333,0.5,0.3333333333333333,4.0,12.0,4.0
1FDQ,boltz,1,RDKit,24,3.2655854546949135,131,0.5612493610481663,0.1794871794871795,0.09859154929577464,0.12727272727272726,0.06796116504854369,0.5354946681431362,71,39,7,0.8571428571428571,0.4186046511627907,0.5625000000000001,0.391304347826087,18,43,21
1FDQ,vina_best,4,RDKit,24,3.762038127797219,262,6.659488226326193e-15,0.0,0.0,0.0,0.0,nan,71,6,0,1.0,0.046511627906976744,0.08888888888888888,0.046511627906976744,2,43,2
1FDQ,vina_median,,,24.0,5.045511390780505,262.0,6.659488226326193e-15,0.0,0.0,0.0,0.0,,71.0,7.0,0.0,1.0,0.06976744186046512,0.13043478260869565,0.06976744186046512,3.0,43.0,3.0
1FE3,boltz,1,RDKit,20,1.238485574910022,131,0.5400196709207858,0.4,0.3783783783783784,0.3888888888888889,0.2413793103448276,0.3028637000492641,37,35,14,1.0,0.9047619047619048,0.9500000000000001,0.9047619047619048,19,21,19
1FE3,vina_best,2,RDKit,20,2.2828739562227245,131,4.094484057325085e-15,0.125,0.02702702702702703,0.044444444444444446,0.022727272727272728,0.019876718521118164,37,8,1,1.0,0.14285714285714285,0.25,0.14285714285714285,3,21,3
1FE3,vina_median,,,20.0,4.708400276969197,131.0,4.094484057325085e-15,0.0,0.0,0.0,0.0,0.01981961727142334,37.0,7.5,0.0,0.8166666666666667,0.14285714285714285,0.24,0.13636363636363635,3.0,21.0,4.0
1FK1,boltz,1,RDKit,14,1.4651152343867884,93,0.22551653061846882,0.3448275862068966,0.38461538461538464,0.3636363636363637,0.2222222222222222,0.3190326452255249,26,29,10,0.8571428571428571,1.0,0.923076923076923,0.8571428571428571,18,18,21
1FK1,vina_best,14,RDKit,14,1.7104119804471518,93,1.090050978404218e-14,0.0,0.0,0.0,0.0,nan,26,2,0,1.0,0.1111111111111111,0.19999999999999998,0.1111111111111111,2,18,2
1FK1,vina_median,,,14.0,7.996816526207812,93.0,1.090050978404218e-14,0.0,0.0,0.0,0.0,,26.0,2.0,0.0,1.0,0.1111111111111111,0.19999999999999998,0.1111111111111111,2.0,18.0,2.0
1FK4,boltz,1,RDKit,20,1.0070854175218789,93,0.20996879546749259,0.41025641025641024,0.42105263157894735,0.4155844155844156,0.26229508196721313,0.24034176766872406,38,39,16,1.0,1.0,1.0,1.0,23,23,23
1FK4,vina_best,3,RDKit,20,1.7091823483759685,93,1.0156066362104893e-14,0.5,0.02631578947368421,0.05,0.02564102564102564,0.6081142425537109,38,2,1,1.0,0.08695652173913043,0.16,0.08695652173913043,2,23,2
1FK4,vina_median,,,20.0,9.370941810154017,93.0,1.0156066362104893e-14,0.0,0.0,0.0,0.0,0.4353978633880615,38.0,2.0,0.0,1.0,0.08695652173913043,0.16,0.08695652173913043,2.0,23.0,2.0
1H6H,boltz,1,RDKit,35,1.7821268368592433,143,1.0005036960499838,0.7857142857142857,0.7857142857142857,0.7857142857142857,0.6470588235294118,0.22308546846563165,28,28,22,1.0,1.0,1.0,1.0,7,7,7
1H6H,vina_best,12,RDKit,35,5.970626999857599,143,6.3046969393185305e-15,0.0,0.0,0.0,0.0,nan,28,2,0,0.0,0.0,0.0,0.0,0,7,1
1H6H,vina_median,,,35.0,8.493255934647712,143.0,6.3046969393185305e-15,0.0,0.0,0.0,0.0,,28.0,2.0,0.0,0.6666666666666666,0.14285714285714285,0.25,0.14285714285714285,1.0,7.0,1.0
1HMR,boltz,1,RDKit,20,1.0142907684879041,131,0.2135275514477469,0.5,0.5,0.5,0.3333333333333333,0.14766744563454076,38,38,19,1.0,1.0,1.0,1.0,20,20,20
1HMR,vina_best,17,RDKit,20,1.9288309283086493,131,8.527586259642335e-15,0.375,0.07894736842105263,0.13043478260869565,0.06976744186046512,0.21248881022135416,38,8,3,1.0,0.2,0.33333333333333337,0.2,4,20,4
1HMR,vina_median,,,20.0,4.448794743090428,131.0,8.527586259642335e-15,0.0,0.0,0.0,0.0,0.23249002297719318,38.0,6.5,0.0,1.0,0.15,0.2608695652173913,0.15,3.0,20.0,3.5
1HMS,boltz,1,RDKit,20,0.9672120603751231,131,0.2240117798648392,0.6153846153846154,0.6666666666666666,0.64,0.47058823529411764,0.15686526894569397,36,39,24,1.0,1.0,1.0,1.0,20,20,20
1HMS,vina_best,19,RDKit,20,1.6226128312077412,131,1.1009704657725108e-14,0.0,0.0,0.0,0.0,nan,36,9,0,1.0,0.2,0.33333333333333337,0.2,4,20,4
1HMS,vina_median,,,20.0,4.9765725359216315,131.0,1.1009704657725108e-14,0.0,0.0,0.0,0.0,2.0031850337982178,36.0,7.5,0.0,1.0,0.15,0.2554347826086956,0.1464285714285714,3.0,20.0,4.0
1HMT,boltz,1,RDKit,20,0.5179990747388447,131,0.18200541766197104,0.7567567567567568,0.7368421052631579,0.7466666666666667,0.5957446808510638,0.10446743454251971,38,37,28,1.0,1.0,1.0,1.0,20,20,20
1HMT,vina_best,7,RDKit,20,1.619686389397648,131,9.278697741093362e-15,0.2222222222222222,0.05263157894736842,0.0851063829787234,0.044444444444444446,0.18309342861175537,38,9,2,1.0,0.25,0.4,0.25,5,20,5
1HMT,vina_median,,,20.0,3.8224375380948343,131.0,9.278697741093362e-15,0.0,0.0,0.0,0.0,0.1879482865333557,38.0,8.0,0.0,0.9166666666666667,0.15,0.2608695652173913,0.15,3.0,20.0,4.0
1ICM,boltz,1,RDKit,16,2.901668187856819,131,0.48870280205770517,0.19444444444444445,0.20588235294117646,0.19999999999999998,0.1111111111111111,0.2713003839765276,34,36,7,0.7368421052631579,0.7368421052631579,0.7368421052631579,0.5833333333333334,14,19,19
1ICM,vina_best,1,RDKit,16,2.860474556345503,131,4.38356860700124e-15,0.0,0.0,0.0,0.0,nan,34,14,0,1.0,0.3157894736842105,0.4799999999999999,0.3157894736842105,6,19,6
1ICM,vina_median,,,16.0,6.384916037825109,131.0,4.38356860700124e-15,0.0,0.0,0.0,0.0,0.5599656105041504,34.0,11.5,0.0,1.0,0.2631578947368421,0.4083333333333333,0.256578947368421,5.0,19.0,5.0
1IKT,boltz,1,RDKit,25,0.9979750350129867,115,0.3858516203724949,0.39473684210526316,0.40540540540540543,0.4,0.25,0.21234555244445802,37,38,15,1.0,0.9545454545454546,0.9767441860465117,0.9545454545454546,21,22,21
1IKT,vina_best,12,RDKit,25,1.3987914783841073,115,6.272789757572364e-15,0.3333333333333333,0.32432432432432434,0.32876712328767127,0.19672131147540983,0.6002272764841715,37,36,12,1.0,0.9090909090909091,0.9523809523809523,0.9090909090909091,20,22,20
1IKT,vina_median,,,25.0,3.7462886446841432,115.0,6.272789757572364e-15,0.059027777777777776,0.05405405405405406,0.05638276752034942,0.02900988017658188,0.5700230598449707,37.0,34.5,2.0,0.9411764705882353,0.8181818181818182,0.8808848553601816,0.7871376811594203,18.0,22.0,20.0
1LID,boltz,1,RDKit,20,4.46803182540988,131,0.37998129904842887,0.40625,0.3939393939393939,0.4,0.25,0.14986223440903884,33,32,13,0.8823529411764706,0.7894736842105263,0.8333333333333333,0.7142857142857143,15,19,17
1LID,vina_best,12,RDKit,20,3.2727732200688733,131,9.149395673849872e-15,0.0,0.0,0.0,0.0,nan,33,5,0,0.5,0.10526315789473684,0.17391304347826086,0.09523809523809523,2,19,4
1LID,vina_median,,,20.0,5.717169391970836,131.0,9.149395673849872e-15,0.0,0.0,0.0,0.0,,33.0,6.0,0.0,0.875,0.15789473684210525,0.2608695652173913,0.15,3.0,19.0,4.0
1LN1,boltz,1,RDKit,54,0.9822414255417531,203,0.4110377020234384,0.6153846153846154,0.5783132530120482,0.5962732919254657,0.4247787610619469,0.1786127338806788,83,78,48,0.972972972972973,0.972972972972973,0.972972972972973,0.9473684210526315,36,37,37
1LN1,vina_best,17,RDKit,54,3.8404971442268776,203,6.519868811171909e-15,0.0,0.0,0.0,0.0,nan,83,9,0,1.0,0.16216216216216217,0.27906976744186046,0.16216216216216217,6,37,6
1LN1,vina_median,,,54.0,7.366891483809493,203.0,6.519868811171909e-15,0.0,0.0,0.0,0.0,,83.0,8.5,0.0,1.0,0.13513513513513514,0.2380952380952381,0.13513513513513514,5.0,37.0,5.0
1LRI,boltz,1,RDKit,28,0.7549396794796053,98,0.3332765040326037,0.5531914893617021,0.6046511627906976,0.5777777777777778,0.40625,0.1695867501772367,43,47,26,0.96,1.0,0.9795918367346939,0.96,24,24,25
1LRI,vina_best,1,RDKit,28,1.2036789735758329,98,1.2090754480972207e-14,0.5581395348837209,0.5581395348837209,0.5581395348837209,0.3870967741935484,0.2364689509073893,43,43,24,0.9166666666666666,0.9166666666666666,0.9166666666666666,0.8461538461538461,22,24,24
1LRI,vina_median,,,28.0,9.13885372227518,98.0,1.2090754480972207e-14,0.043478260869565216,0.046511627906976744,0.04494382022471911,0.022988505747126436,0.29078467686971027,43.0,44.0,2.0,0.9230769230769231,0.9166666666666666,0.9166666666666666,0.8461538461538461,22.0,24.0,23.0
1LV2,boltz,1,RDKit,18,1.2978632351507087,225,1.8524815454549266,0.3870967741935484,0.4,0.39344262295081966,0.24489795918367346,0.22171032428741455,30,31,12,0.9565217391304348,1.0,0.9777777777777777,0.9565217391304348,22,22,23
1LV2,vina_best,10,RDKit,18,1.1807439509808109,225,1.3679869992409646e-14,0.14285714285714285,0.03333333333333333,0.05405405405405406,0.027777777777777776,0.3645329475402832,30,7,1,1.0,0.18181818181818182,0.3076923076923077,0.18181818181818182,4,22,4
1LV2,vina_median,,,18.0,4.76625811768986,225.0,1.3679869992409646e-14,0.0,0.0,0.0,0.0,0.3659738302230835,30.0,3.0,0.0,1.0,0.13636363636363635,0.24000000000000002,0.13636363636363635,3.0,22.0,3.0
1MZM,boltz,1,RDKit,18,1.843265283452893,93,0.17396225111638447,0.17647058823529413,0.18181818181818182,0.17910447761194032,0.09836065573770492,0.2294024626413981,33,34,6,0.9545454545454546,0.875,0.9130434782608695,0.84,21,24,22
1MZM,vina_best,5,RDKit,18,1.904295218126058,93,1.0467012930972528e-14,0.5,0.030303030303030304,0.05714285714285715,0.029411764705882353,0.04888772964477539,33,2,1,1.0,0.08333333333333333,0.15384615384615385,0.08333333333333333,2,24,2
1MZM,vina_median,,,18.0,3.3831550527741245,93.0,1.0467012930972528e-14,0.0,0.0,0.0,0.0,0.20373380184173584,33.0,2.0,0.0,1.0,0.08333333333333333,0.15384615384615385,0.08333333333333333,2.0,24.0,2.0
1N83,boltz,1,RDKit,28,0.7383018893602158,251,0.8702411796824652,0.6938775510204082,0.7391304347826086,0.7157894736842104,0.5573770491803278,0.18375840607811422,46,49,34,0.9166666666666666,1.0,0.9565217391304348,0.9166666666666666,22,22,24
1N83,vina_best,1,RDKit,28,0.6253043544661157,251,5.746952564353835e-15,0.4883720930232558,0.45652173913043476,0.47191011235955055,0.3088235294117647,0.27091436159043086,46,43,21,1.0,0.9090909090909091,0.9523809523809523,0.9090909090909091,20,22,20
1N83,vina_median,,,28.0,9.05640329202038,251.0,5.746952564353835e-15,0.011904761904761904,0.010869565217391304,0.011363636363636362,0.005747126436781609,0.2584730613799322,46.0,42.0,0.5,0.7613636363636364,0.7272727272727273,0.761904761904762,0.6153846153846154,16.0,22.0,21.5
1O8V,boltz,1,RDKit,18,0.6405066225228584,132,0.6668951356666051,0.5526315789473685,0.6176470588235294,0.5833333333333334,0.4117647058823529,0.24623674438113258,34,38,21,0.9047619047619048,1.0,0.9500000000000001,0.9047619047619048,19,19,21
1O8V,vina_best,10,RDKit,18,1.2846817375002522,132,5.904558544406767e-15,0.14285714285714285,0.029411764705882353,0.04878048780487805,0.025,0.05978703498840332,34,7,1,1.0,0.10526315789473684,0.1904761904761905,0.10526315789473684,2,19,2
1O8V,vina_median,,,18.0,5.466964223466528,132.0,5.904558544406767e-15,0.0,0.0,0.0,0.0,0.05978703498840332,34.0,7.0,0.0,1.0,0.15789473684210525,0.2727272727272727,0.15789473684210525,3.0,19.0,3.0
1OCU,boltz,1,RDKit,22,0.7067932397060045,133,1.5453873318139195,0.43333333333333335,0.48148148148148145,0.456140350877193,0.29545454545454547,0.4863739380469689,27,30,13,0.5555555555555556,0.5,0.5263157894736842,0.35714285714285715,5,10,9
1OCU,vina_best,1,RDKit,22,0.919694242669813,264,1.4737696650794924e-14,0.0,0.0,0.0,0.0,nan,27,5,0,0.5,0.1,0.16666666666666669,0.09090909090909091,1,10,2
1OCU,vina_median,,,22.0,3.6374329174317315,264.0,1.4737696650794924e-14,0.0,0.0,0.0,0.0,,27.0,5.0,0.0,0.5,0.1,0.16666666666666669,0.09090909090909091,1.0,10.0,2.0
1P6E,boltz,1,RDKit,28,1.0441803820808644,245,0.17282773447189195,0.6111111111111112,0.55,0.5789473684210527,0.4074074074074074,0.20079662583091043,40,36,22,1.0,0.8235294117647058,0.9032258064516129,0.8235294117647058,14,17,14
1P6E,vina_best,10,RDKit,28,4.220227604728716,245,8.272705034347994e-15,0.0,0.0,0.0,0.0,nan,40,6,0,1.0,0.23529411764705882,0.38095238095238093,0.23529411764705882,4,17,4
1P6E,vina_median,,,28.0,6.514947604604284,245.0,8.272705034347994e-15,0.0,0.0,0.0,0.0,,40.0,11.0,0.0,1.0,0.2647058823529412,0.3904761904761905,0.2426470588235294,4.5,17.0,5.5
1PUB,boltz,1,RDKit,48,1.580748597328787,162,0.896767085783801,0.34285714285714286,0.36363636363636365,0.3529411764705882,0.21428571428571427,0.3336381713549296,33,35,12,0.8461538461538461,0.9166666666666666,0.8799999999999999,0.7857142857142857,22,24,26
1PUB,vina_best,3,RDKit,48,10.934045742160889,162,5.973012435676488e-15,0.0,0.0,0.0,0.0,nan,33,1,0,1.0,0.041666666666666664,0.07999999999999999,0.041666666666666664,1,24,1
1PUB,vina_median,,,48.0,12.661432464871421,162.0,5.973012435676488e-15,0.0,0.0,0.0,0.0,,33.0,1.0,0.0,1.0,0.041666666666666664,0.07999999999999999,0.041666666666666664,1.0,24.0,1.0
1PZ4,boltz,1,RDKit,18,0.6400627455596614,113,1.2203051654970571,0.5853658536585366,0.7272727272727273,0.6486486486486487,0.48,0.3421972393989563,33,41,24,0.9166666666666666,1.0,0.9565217391304348,0.9166666666666666,22,22,24
1PZ4,vina_best,8,RDKit,18,1.6401259267372037,113,1.1395776309668114e-14,0.0,0.0,0.0,0.0,nan,33,8,0,1.0,0.13636363636363635,0.24000000000000002,0.13636363636363635,3,22,3
1PZ4,vina_median,,,18.0,3.625877321301273,113.0,1.1395776309668114e-14,0.0,0.0,0.0,0.0,,33.0,6.0,0.0,1.0,0.09090909090909091,0.16666666666666669,0.09090909090909091,2.0,22.0,2.0
1S8G,boltz,1,RDKit,14,1.5460842988494707,121,0.6399149581090356,0.25,0.2916666666666667,0.2692307692307692,0.15555555555555556,0.5770461899893624,24,28,7,0.4666666666666667,0.5384615384615384,0.5,0.3333333333333333,7,13,15
1S8G,vina_best,7,RDKit,14,1.661834399520171,121,1.0050682689484122e-14,0.2,0.041666666666666664,0.06896551724137931,0.03571428571428571,0.1518993377685547,24,5,1,1.0,0.23076923076923078,0.375,0.23076923076923078,3,13,3
1S8G,vina_median,,,14.0,4.303775222863825,121.0,1.0050682689484122e-14,0.0,0.0,0.0,0.0,0.17021048069000244,24.0,4.0,0.0,1.0,0.23076923076923078,0.3529411764705882,0.21428571428571427,3.0,13.0,3.0
1T27,boltz,1,RDKit,54,1.6508307779578661,269,0.7526815350673857,0.46835443037974683,0.45121951219512196,0.4596273291925466,0.29838709677419356,0.26648749531926336,82,79,37,0.9302325581395349,0.9090909090909091,0.9195402298850575,0.851063829787234,40,44,43
1T27,vina_best,6,RDKit,54,2.7973579631634706,269,5.783401375101921e-15,0.0,0.0,0.0,0.0,nan,82,4,0,1.0,0.045454545454545456,0.08695652173913045,0.045454545454545456,2,44,2
1T27,vina_median,,,54.0,10.043914365926625,269.0,5.783401375101921e-15,0.0,0.0,0.0,0.0,,82.0,3.5,0.0,1.0,0.045454545454545456,0.08695652173913045,0.045454545454545456,2.0,44.0,2.0
1TC8,boltz,1,RDKit,15,0.42040246102039147,118,0.28697392103907987,0.7894736842105263,0.6521739130434783,0.7142857142857143,0.5555555555555556,0.2561402479807536,23,19,15,0.7,0.5833333333333334,0.6363636363636365,0.4666666666666667,7,12,10
1TC8,vina_best,3,RDKit,15,4.8513006434700925,118,8.34532277055973e-15,0.14285714285714285,0.13043478260869565,0.13636363636363635,0.07317073170731707,0.6333862940470377,23,21,3,0.7272727272727273,0.6666666666666666,0.6956521739130435,0.5333333333333333,8,12,11
1TC8,vina_median,,,15.0,6.592671381349673,118.0,8.34532277055973e-15,0.035759897828863345,0.043478260869565216,0.03923076923076923,0.02000800320128051,0.49776923656463623,23.0,19.0,1.0,0.7032967032967032,0.6666666666666666,0.693979933110368,0.5313725490196078,8.0,12.0,10.0
2A1L,boltz,1,RDKit,54,0.963686697544616,269,0.5504683361570716,0.352112676056338,0.3246753246753247,0.33783783783783783,0.2032520325203252,0.32378755569458006,77,71,25,0.7,0.6829268292682927,0.6913580246913581,0.5283018867924528,28,41,40
2A1L,vina_best,5,RDKit,54,1.8162389965509993,269,1.2384761017826268e-14,0.0,0.0,0.0,0.0,nan,77,4,0,1.0,0.07317073170731707,0.13636363636363635,0.07317073170731707,3,41,3
2A1L,vina_median,,,54.0,9.113029265427052,269.0,1.2384761017826268e-14,0.0,0.0,0.0,0.0,0.6726768016815186,77.0,4.0,0.0,1.0,0.07317073170731707,0.13636363636363635,0.07317073170731707,3.0,41.0,3.0
2ALG,boltz,1,RDKit,14,5.4859823967186925,92,0.32963125886141026,0.13043478260869565,0.09375,0.10909090909090909,0.057692307692307696,0.1843531926472982,32,23,3,0.4666666666666667,0.3181818181818182,0.3783783783783784,0.23333333333333334,7,22,15
2ALG,vina_best,12,RDKit,14,4.234929456319195,184,6.94929060939e-15,0.0,0.0,0.0,0.0,nan,32,3,0,1.0,0.09090909090909091,0.16666666666666669,0.09090909090909091,2,22,2
2ALG,vina_median,,,14.0,5.6765157069657235,184.0,6.94929060939e-15,0.14285714285714285,0.03125,0.05128205128205128,0.02631578947368421,0.18806159496307373,32.0,3.0,1.0,1.0,0.09090909090909091,0.16666666666666669,0.09090909090909091,2.0,22.0,2.0
2B5S,boltz,1,RDKit,14,5.59436915591737,92,0.23626901637670658,0.21739130434782608,0.15625,0.18181818181818182,0.1,0.23673481941223146,32,23,5,0.6,0.375,0.4615384615384615,0.3,9,24,15
2B5S,vina_best,8,RDKit,14,2.1120971805293416,184,7.71782367650013e-15,0.0,0.0,0.0,0.0,nan,32,7,0,1.0,0.16666666666666666,0.2857142857142857,0.16666666666666666,4,24,4
2B5S,vina_median,,,14.0,5.855934733576014,184.0,7.71782367650013e-15,0.0,0.0,0.0,0.0,,32.0,4.5,0.0,1.0,0.08333333333333333,0.15384615384615385,0.08333333333333333,2.0,24.0,2.0
2BV7,boltz,1,RDKit,44,1.1475705056826861,202,0.5222432120606991,0.32098765432098764,0.4126984126984127,0.3611111111111111,0.22033898305084745,0.27310478687286377,63,81,26,0.7692307692307693,1.0,0.8695652173913044,0.7692307692307693,30,30,39
2BV7,vina_best,2,RDKit,44,4.546209197582291,202,6.014920578904611e-15,0.234375,0.23809523809523808,0.23622047244094488,0.13392857142857142,0.2066277503967285,63,64,15,0.8,0.8,0.8000000000000002,0.6666666666666666,24,30,30
2BV7,vina_median,,,44.0,7.111890663605259,202.0,6.014920578904611e-15,0.07570621468926553,0.07142857142857142,0.07350393176062908,0.038174244056597,0.2799420016152518,63.0,59.0,4.5,0.7503703703703704,0.7333333333333333,0.7376344086021505,0.5843454790823213,22.0,30.0,28.0
2DT8,boltz,1,RDKit,18,0.6960800911951347,277,0.3955404777047457,0.5641025641025641,0.5641025641025641,0.5641025641025641,0.39285714285714285,0.20206014676527542,39,39,22,0.9565217391304348,0.9166666666666666,0.9361702127659574,0.88,22,24,23
2DT8,vina_best,9,RDKit,18,6.495749584664322,277,1.461693006349216e-14,0.0,0.0,0.0,0.0,nan,39,1,0,1.0,0.041666666666666664,0.07999999999999999,0.041666666666666664,1,24,1
2DT8,vina_median,,,18.0,8.140876512180622,277.0,1.461693006349216e-14,0.0,0.0,0.0,0.0,0.723966121673584,39.0,4.0,0.0,1.0,0.125,0.2105911330049261,0.1176923076923077,3.0,24.0,3.0
2E3N,boltz,1,RDKit,28,3.3715976764603615,231,1.0865145096417368,0.41304347826086957,0.35185185185185186,0.38,0.2345679012345679,0.05657472108539782,54,46,19,0.5833333333333334,0.5,0.5384615384615384,0.3684210526315789,14,28,24
2E3N,vina_best,5,RDKit,28,1.6667889467047567,231,1.0726303417360989e-14,0.28846153846153844,0.2777777777777778,0.2830188679245283,0.16483516483516483,0.2987309773763021,54,52,15,0.9230769230769231,0.8571428571428571,0.888888888888889,0.8,24,28,26
2E3N,vina_median,,,28.0,5.223441741841629,231.0,1.0726303417360989e-14,0.10542005420054201,0.08333333333333333,0.09303561935140882,0.04883040935672514,0.2539362907409668,54.0,42.5,4.5,0.8695652173913043,0.6964285714285714,0.7675941080196399,0.6228448275862069,19.5,28.0,22.0
2E59,boltz,1,RDKit,48,1.310474800517147,144,1.3346506102918865,0.0,0.0,0.0,0.0,nan,40,38,0,0.4,0.34782608695652173,0.37209302325581395,0.22857142857142856,8,23,20
2E59,vina_best,6,RDKit,48,6.152857809925943,144,5.823125415420785e-15,0.0,0.0,0.0,0.0,nan,40,1,0,1.0,0.043478260869565216,0.08333333333333333,0.043478260869565216,1,23,1
2E59,vina_median,,,48.0,7.397127756990065,144.0,5.823125415420785e-15,0.0,0.0,0.0,0.0,,40.0,2.0,0.0,1.0,0.043478260869565216,0.08333333333333333,0.043478260869565216,1.0,23.0,1.0
2FTB,boltz,1,RDKit,20,9.180738064691853,125,0.9689479654808789,0.029411764705882353,0.034482758620689655,0.03174603174603175,0.016129032258064516,1.3062059879302979,29,34,1,0.5555555555555556,0.5555555555555556,0.5555555555555556,0.38461538461538464,10,18,18
2FTB,vina_best,17,RDKit,20,5.841591576787957,125,9.569514535015516e-15,0.0,0.0,0.0,0.0,nan,29,8,0,1.0,0.16666666666666666,0.2857142857142857,0.16666666666666666,3,18,3
2FTB,vina_median,,,20.0,8.590468022284927,125.0,9.569514535015516e-15,0.0,0.0,0.0,0.0,,29.0,6.0,0.0,0.6666666666666666,0.1111111111111111,0.1904761904761905,0.10526315789473684,2.0,18.0,3.0
2HMB,boltz,1,RDKit,18,1.0834964271499716,131,0.4847381747012101,0.4857142857142857,0.6296296296296297,0.5483870967741936,0.37777777777777777,0.3729590107412899,27,35,17,0.8421052631578947,1.0,0.9142857142857143,0.8421052631578947,16,16,19
2HMB,vina_best,12,RDKit,18,1.5115180007749367,131,8.585646792518368e-15,0.0,0.0,0.0,0.0,nan,27,4,0,1.0,0.125,0.2222222222222222,0.125,2,16,2
2HMB,vina_median,,,18.0,5.059893801892482,131.0,8.585646792518368e-15,0.0,0.0,0.0,0.0,0.20937633514404297,27.0,5.0,0.0,1.0,0.125,0.2222222222222222,0.125,2.0,16.0,2.5
2IFB,boltz,1,RDKit,18,2.7583336486538914,131,0.4601801885143915,0.2894736842105263,0.2682926829268293,0.27848101265822783,0.16176470588235295,0.37090353532270953,41,38,11,0.9473684210526315,0.782608695652174,0.8571428571428571,0.75,18,23,19
2IFB,vina_best,16,RDKit,18,1.4931849070582885,131,6.830421479963512e-15,0.07692307692307693,0.024390243902439025,0.03703703703703704,0.018867924528301886,0.523277997970581,41,13,1,1.0,0.30434782608695654,0.4666666666666667,0.30434782608695654,7,23,7
2IFB,vina_median,,,18.0,7.512924700194244,131.0,6.830421479963512e-15,0.0,0.0,0.0,0.0,0.4402453899383545,41.0,11.0,0.0,1.0,0.21739130434782608,0.3571428571428571,0.21739130434782608,5.0,23.0,5.0
2OVD,boltz,1,RDKit,14,0.8394131492032658,162,1.2355452101496418,0.6666666666666666,0.6875,0.676923076923077,0.5116279069767442,0.27242501215501264,32,33,22,0.9444444444444444,0.9444444444444444,0.9444444444444444,0.8947368421052632,17,18,18
2OVD,vina_best,10,RDKit,14,1.9297829818772025,162,1.141867097794028e-14,0.0,0.0,0.0,0.0,nan,32,9,0,1.0,0.2222222222222222,0.3636363636363636,0.2222222222222222,4,18,4
2OVD,vina_median,,,14.0,3.8843381542458584,162.0,1.141867097794028e-14,0.0,0.0,0.0,0.0,,32.0,6.5,0.0,1.0,0.16666666666666666,0.2857142857142857,0.16666666666666666,3.0,18.0,3.0
2WC5,boltz,1,RDKit,17,1.2036879817091428,141,0.8227049077592055,0.425,0.3953488372093023,0.40963855421686746,0.25757575757575757,0.17821958485771627,43,40,17,1.0,0.9545454545454546,0.9767441860465117,0.9545454545454546,21,22,21
2WC5,vina_best,6,RDKit,17,5.578029511870131,141,3.5232364247451927e-15,0.02702702702702703,0.023255813953488372,0.025,0.012658227848101266,1.6294012069702148,43,37,1,0.75,0.6818181818181818,0.7142857142857143,0.5555555555555556,15,22,20
2WC5,vina_median,,,17.0,7.145996054145899,141.0,3.5232364247451927e-15,0.0,0.0,0.0,0.0,0.9859521090984344,43.0,32.0,0.0,0.7279411764705883,0.5227272727272727,0.6078811369509045,0.43666666666666665,11.5,22.0,17.0
2WEW,boltz,1,RDKit,16,1.751893773217527,170,2.92149802509615,0.3170731707317073,0.30952380952380953,0.3132530120481927,0.18571428571428572,0.16361339275653547,42,41,13,0.8571428571428571,0.9473684210526315,0.9,0.8181818181818182,18,19,21
2WEW,vina_best,6,RDKit,16,1.5351027042188414,170,4.47676706845323e-15,0.0,0.0,0.0,0.0,nan,42,10,0,1.0,0.3157894736842105,0.4799999999999999,0.3157894736842105,6,19,6
2WEW,vina_median,,,16.0,7.8568737296837705,170.0,4.47676706845323e-15,0.0,0.0,0.0,0.0,1.2607088088989258,42.0,8.0,0.0,1.0,0.21052631578947367,0.34782608695652173,0.21052631578947367,4.0,19.0,4.0
2WEX,boltz,1,RDKit,21,0.7975241341960768,159,1.0861740238879631,0.375,0.375,0.375,0.23076923076923078,0.3380790683958266,48,48,18,0.6363636363636364,0.6086956521739131,0.6222222222222223,0.45161290322580644,14,23,22
2WEX,vina_best,9,RDKit,21,2.005137069296428,159,2.5508605649245487e-15,0.3333333333333333,0.3541666666666667,0.3434343434343434,0.2073170731707317,0.332265952054192,48,51,17,0.875,0.9130434782608695,0.8936170212765957,0.8076923076923077,21,23,24
2WEX,vina_median,,,21.0,4.469815581706837,159.0,2.5508605649245487e-15,0.08003048780487805,0.07291666666666666,0.0761938202247191,0.0396584440227704,0.37866523265838625,48.0,45.5,3.5,0.8875,0.8260869565217391,0.8666666666666667,0.7653846153846153,19.0,23.0,21.0
2WR6,boltz,1,RDKit,20,4.1006829436898595,174,0.763450993450318,0.1276595744680851,0.11320754716981132,0.12,0.06382978723404255,0.4963931639989217,53,47,6,0.9523809523809523,0.8,0.8695652173913043,0.7692307692307693,20,25,21
2WR6,vina_best,4,RDKit,20,1.5346727012623897,174,9.733800028464304e-15,0.0,0.0,0.0,0.0,nan,53,7,0,1.0,0.12,0.21428571428571425,0.12,3,25,3
2WR6,vina_median,,,20.0,4.864170732719991,174.0,9.733800028464304e-15,0.0,0.0,0.0,0.0,0.7298305034637451,53.0,7.0,0.0,1.0,0.16,0.271264367816092,0.15692307692307694,4.0,25.0,4.5
2WUT,boltz,1,RDKit,18,0.8265878740214099,133,0.19960862944671828,0.5428571428571428,0.5428571428571428,0.5428571428571428,0.37254901960784315,0.1555072633843673,35,35,19,1.0,0.9473684210526315,0.972972972972973,0.9473684210526315,18,19,18
2WUT,vina_best,9,RDKit,18,1.864606884395028,133,7.096655000166756e-15,0.0,0.0,0.0,0.0,nan,35,10,0,1.0,0.21052631578947367,0.34782608695652173,0.21052631578947367,4,19,4
2WUT,vina_median,,,18.0,4.34753012840249,133.0,7.096655000166756e-15,0.0,0.0,0.0,0.0,0.2913239002227783,35.0,8.0,0.0,0.9,0.15789473684210525,0.2554347826086957,0.1464285714285714,3.0,19.0,4.0
2Z9Y,boltz,1,RDKit,28,2.1279379944520507,230,0.7277410047003763,0.17777777777777778,0.16666666666666666,0.17204301075268819,0.09411764705882353,0.17510667443275452,48,45,8,0.4,0.38461538461538464,0.39215686274509803,0.24390243902439024,10,26,25
2Z9Y,vina_best,1,RDKit,28,1.3966975718253596,230,7.718569382005388e-15,0.40816326530612246,0.4166666666666667,0.4123711340206186,0.2597402597402597,0.30001559257507326,48,49,20,1.0,0.8846153846153846,0.9387755102040816,0.8846153846153846,23,26,23
2Z9Y,vina_median,,,28.0,5.9038757013434235,230.0,7.718569382005388e-15,0.02150786308973173,0.020833333333333332,0.02116461366181411,0.010695493022191718,0.4083104133605957,48.0,46.5,1.0,0.8945454545454545,0.8461538461538461,0.8627450980392156,0.7586206896551724,22.0,26.0,24.5
2Z9Z,boltz,1,RDKit,28,4.660571910319736,235,0.709427832972282,0.044444444444444446,0.03773584905660377,0.04081632653061224,0.020833333333333332,0.47718703746795654,53,45,2,0.88,0.8461538461538461,0.8627450980392156,0.7586206896551724,22,26,25
2Z9Z,vina_best,8,RDKit,28,1.5953876376246976,235,7.0563925512188696e-15,0.40816326530612246,0.37735849056603776,0.3921568627450981,0.24390243902439024,0.34737584590911863,53,49,20,0.9565217391304348,0.8461538461538461,0.8979591836734695,0.8148148148148148,22,26,23
2Z9Z,vina_median,,,28.0,6.92123663561798,235.0,7.0563925512188696e-15,0.09357359965262702,0.0849056603773585,0.08901960784313726,0.046606529209621994,0.32088331513934665,53.0,49.5,4.5,0.9183333333333333,0.8846153846153846,0.8979591836734695,0.8148148148148148,23.0,26.0,25.0
3AKN,boltz,1,RDKit,30,1.011380459792264,130,0.27084609994916686,0.6666666666666666,0.6666666666666666,0.6666666666666666,0.5,0.1713709533214569,48,48,32,0.9583333333333334,0.9583333333333334,0.9583333333333334,0.92,23,24,24
3AKN,vina_best,1,RDKit,30,1.5282805588852681,130,6.840777940099496e-15,0.0,0.0,0.0,0.0,nan,48,15,0,0.8888888888888888,0.3333333333333333,0.48484848484848486,0.32,8,24,9
3AKN,vina_median,,,30.0,5.073991316689932,130.0,6.840777940099496e-15,0.0,0.0,0.0,0.0,1.680389165878296,48.0,16.5,0.0,1.0,0.2916666666666667,0.45161290322580644,0.2916666666666667,7.0,24.0,8.5
3BFH,boltz,1,RDKit,18,10.028873703754456,116,0.3729839099090399,0.03333333333333333,0.03333333333333333,0.03333333333333333,0.01694915254237288,1.4321377277374268,30,30,1,0.5263157894736842,0.5555555555555556,0.5405405405405405,0.37037037037037035,10,18,19
3BFH,vina_best,6,RDKit,18,3.3575576027159326,116,5.023878821106148e-15,0.0,0.0,0.0,0.0,nan,30,4,0,1.0,0.16666666666666666,0.2857142857142857,0.16666666666666666,3,18,3
3BFH,vina_median,,,18.0,8.514979301728758,116.0,5.023878821106148e-15,0.0,0.0,0.0,0.0,,30.0,4.0,0.0,1.0,0.1388888888888889,0.2363636363636364,0.13450292397660818,2.5,18.0,3.0
3BKR,boltz,1,RDKit,18,2.5396914741491914,119,1.0609347656118258,0.10810810810810811,0.11428571428571428,0.11111111111111112,0.058823529411764705,0.5485711693763733,35,37,4,0.8636363636363636,0.95,0.9047619047619048,0.8260869565217391,19,20,22
3BKR,vina_best,8,RDKit,18,1.3208473921438975,119,2.607451744458388e-15,0.09090909090909091,0.02857142857142857,0.043478260869565216,0.022222222222222223,0.2411491870880127,35,11,1,1.0,0.25,0.4,0.25,5,20,5
3BKR,vina_median,,,18.0,4.861981258512116,119.0,2.607451744458388e-15,0.0,0.0,0.0,0.0,0.2161269187927246,35.0,6.0,0.0,1.0,0.175,0.2904347826086957,0.17023809523809524,3.5,20.0,4.0
3BKS,boltz,1,RDKit,18,2.1987312001741066,119,1.057591151692569,0.10256410256410256,0.11428571428571428,0.1081081081081081,0.05714285714285714,0.42713773250579834,35,39,4,0.8695652173913043,1.0,0.9302325581395349,0.8695652173913043,20,20,23
3BKS,vina_best,19,RDKit,18,1.8207500743741103,119,5.071977941820538e-15,0.0,0.0,0.0,0.0,nan,35,9,0,0.8,0.2,0.32000000000000006,0.19047619047619047,4,20,5
3BKS,vina_median,,,18.0,8.397895110907047,119.0,5.071977941820538e-15,0.0,0.0,0.0,0.0,,35.0,6.5,0.0,1.0,0.15,0.2608695652173913,0.15,3.0,20.0,3.0
3FYS,boltz,1,RDKit,18,0.9988029552610376,282,1.882019193389685,0.4318181818181818,0.48717948717948717,0.45783132530120485,0.296875,0.28002370031256424,39,44,19,0.9565217391304348,1.0,0.9777777777777777,0.9565217391304348,22,22,23
3FYS,vina_best,1,RDKit,18,0.803554948684628,282,5.369312831249955e-15,0.0,0.0,0.0,0.0,nan,39,8,0,1.0,0.18181818181818182,0.3076923076923077,0.18181818181818182,4,22,4
3FYS,vina_median,,,18.0,4.884814824473105,282.0,5.369312831249955e-15,0.0,0.0,0.0,0.0,0.23003125190734863,39.0,6.0,0.0,1.0,0.18181818181818182,0.3076923076923077,0.18181818181818182,4.0,22.0,4.0
3GKI,boltz,1,RDKit,28,0.5756735395584112,225,0.6201063849643688,0.6923076923076923,0.6428571428571429,0.6666666666666666,0.5,0.1689775608204029,42,39,27,1.0,0.9565217391304348,0.9777777777777777,0.9565217391304348,22,23,22
3GKI,vina_best,1,RDKit,28,0.8975024472708386,225,5.8311818530472165e-15,0.7894736842105263,0.7142857142857143,0.7500000000000001,0.6,0.15585092703501383,42,38,30,1.0,0.9130434782608695,0.9545454545454545,0.9130434782608695,21,23,21
3GKI,vina_median,,,28.0,2.768296230106033,225.0,5.8311818530472165e-15,0.05032051282051282,0.047619047619047616,0.04893104486600421,0.0252373417721519,0.1683487892150879,42.0,38.5,2.0,0.9327122153209109,0.8913043478260869,0.9110671936758892,0.8366666666666667,20.5,23.0,22.0
3GPE,boltz,1,RDKit,24,5.678491019308711,137,0.39001141558495145,0.18518518518518517,0.1724137931034483,0.17857142857142858,0.09803921568627451,0.17099599838256835,29,27,5,0.875,0.4666666666666667,0.608695652173913,0.4375,7,15,8
3GPE,vina_best,5,RDKit,24,2.442936057970683,137,4.216896561530576e-15,0.0,0.0,0.0,0.0,nan,29,3,0,1.0,0.06666666666666667,0.125,0.06666666666666667,1,15,1
3GPE,vina_median,,,24.0,4.811167408574902,137.0,4.216896561530576e-15,0.0,0.0,0.0,0.0,,29.0,3.0,0.0,1.0,0.06666666666666667,0.125,0.06666666666666667,1.0,15.0,1.0
3KYQ,boltz,1,RDKit,23,0.9181819810385164,193,0.45526754384678836,0.5,0.5416666666666666,0.52,0.35135135135135137,0.3763066805326022,24,26,13,0.9166666666666666,0.8461538461538461,0.8799999999999999,0.7857142857142857,11,13,12
3KYQ,vina_best,13,RDKit,23,5.6676336983904,193,4.100689160309675e-15,0.0,0.0,0.0,0.0,nan,24,9,0,0.6666666666666666,0.3076923076923077,0.42105263157894735,0.26666666666666666,4,13,6
3KYQ,vina_median,,,23.0,7.74306121817107,193.0,4.100689160309675e-15,0.0,0.0,0.0,0.0,,24.0,6.0,0.0,0.6666666666666666,0.15384615384615385,0.25833333333333336,0.14835164835164835,2.0,13.0,3.5
3L1N,boltz,1,RDKit,18,3.8738059779391634,152,23.795151110083022,0.0625,0.09523809523809523,0.07547169811320754,0.0392156862745098,1.0216548442840576,21,32,2,0.6,0.8571428571428571,0.7058823529411764,0.5454545454545454,12,14,20
3L1N,vina_best,16,RDKit,18,2.1658865646914927,152,6.146883843144387e-15,0.0,0.0,0.0,0.0,nan,21,1,0,1.0,0.07142857142857142,0.13333333333333333,0.07142857142857142,1,14,1
3L1N,vina_median,,,18.0,9.529520997639098,152.0,6.146883843144387e-15,0.0,0.0,0.0,0.0,,21.0,2.0,0.0,1.0,0.07142857142857142,0.13333333333333333,0.07142857142857142,1.0,14.0,2.0
3LUP,boltz,1,RDKit,20,0.5671856004285608,279,0.5087818091742596,0.7073170731707317,0.7073170731707317,0.7073170731707317,0.5471698113207547,0.24569926590755067,41,41,29,1.0,1.0,1.0,1.0,23,23,23
3LUP,vina_best,1,RDKit,20,2.0287662876733683,279,1.0014344841089475e-14,0.0,0.0,0.0,0.0,nan,41,6,0,0.8,0.17391304347826086,0.2857142857142857,0.16666666666666666,4,23,5
3LUP,vina_median,,,20.0,6.217600747072787,279.0,1.0014344841089475e-14,0.0,0.0,0.0,0.0,,41.0,6.0,0.0,1.0,0.13043478260869565,0.23076923076923078,0.13043478260869565,3.0,23.0,3.0
3PEG,boltz,1,RDKit,47,5.180375441199974,244,2.9508654046483005,0.06060606060606061,0.07142857142857142,0.06557377049180328,0.03389830508474576,0.5255507826805115,56,66,4,0.9655172413793104,0.9032258064516129,0.9333333333333333,0.875,28,31,29
3PEG,vina_best,10,RDKit,47,5.509759808642856,244,4.534297790527152e-15,0.0,0.0,0.0,0.0,nan,56,6,0,1.0,0.0967741935483871,0.17647058823529413,0.0967741935483871,3,31,3
3PEG,vina_median,,,47.0,9.441062506219149,244.0,4.534297790527152e-15,0.0,0.0,0.0,0.0,,56.0,8.0,0.0,1.0,0.12903225806451613,0.2162162162162162,0.12121212121212122,4.0,31.0,4.0
3PL5,boltz,1,RDKit,18,1.2293298918266036,277,2.099554316541012,0.2564102564102564,0.2564102564102564,0.2564102564102564,0.14705882352941177,0.25503780841827395,39,39,10,0.5238095238095238,0.5238095238095238,0.5238095238095238,0.3548387096774194,11,21,21
3PL5,vina_best,3,RDKit,18,1.4693936580175633,277,2.7048679408236475e-14,0.0,0.0,0.0,0.0,nan,39,12,0,0.8333333333333334,0.23809523809523808,0.37037037037037035,0.22727272727272727,5,21,6
3PL5,vina_median,,,18.0,4.81168266363811,277.0,2.7048679408236475e-14,0.0,0.0,0.0,0.0,,39.0,7.0,0.0,1.0,0.19047619047619047,0.3076923076923077,0.18181818181818182,4.0,21.0,5.0
3PPT,boltz,1,RDKit,18,0.7431764890790494,133,0.7857110999003054,0.46875,0.45454545454545453,0.4615384615384615,0.3,0.14223179817199708,33,32,15,1.0,1.0,1.0,1.0,18,18,18
3PPT,vina_best,9,RDKit,18,2.066728520579754,133,7.435719279976705e-15,0.18181818181818182,0.06060606060606061,0.09090909090909091,0.047619047619047616,0.44281017780303955,33,11,2,1.0,0.3333333333333333,0.5,0.3333333333333333,6,18,6
3PPT,vina_median,,,18.0,4.620210241279631,133.0,7.435719279976705e-15,0.0,0.0,0.0,0.0,0.32190144062042236,33.0,6.5,0.0,1.0,0.16666666666666666,0.2857142857142857,0.16666666666666666,3.0,18.0,3.0
3S0K,boltz,1,RDKit,51,0.4544136392030704,203,0.6144681913308258,0.6756756756756757,0.6493506493506493,0.662251655629139,0.49504950495049505,0.3213138008117676,77,74,50,0.9722222222222222,0.875,0.9210526315789473,0.8536585365853658,35,40,36
3S0K,vina_best,17,RDKit,51,8.848145768974405,203,8.797158937502838e-15,0.046511627906976744,0.025974025974025976,0.033333333333333326,0.01694915254237288,0.5380160808563232,77,43,2,0.6956521739130435,0.4,0.507936507936508,0.3404255319148936,16,40,23
3S0K,vina_median,,,51.0,11.56222801967182,203.0,8.797158937502838e-15,0.018682065217391304,0.012987012987012988,0.015222279882373293,0.007669789227166277,1.033282220363617,77.0,46.5,1.0,0.6594202898550725,0.3875,0.4928571428571428,0.3270440251572327,15.5,40.0,25.0
3STM,boltz,1,RDKit,18,2.3401080676690005,127,0.768918975745828,0.0,0.0,0.0,0.0,nan,26,30,0,0.0,0.0,0.0,0.0,0,17,18
3STM,vina_best,17,RDKit,18,1.7632213732572293,127,5.339842897787133e-15,0.0,0.0,0.0,0.0,nan,26,6,0,1.0,0.11764705882352941,0.21052631578947367,0.11764705882352941,2,17,2
3STM,vina_median,,,18.0,4.815239035080642,127.0,5.339842897787133e-15,0.0,0.0,0.0,0.0,0.4290008544921875,26.0,6.0,0.0,0.9,0.17647058823529413,0.2857142857142857,0.16666666666666666,3.0,17.0,4.0
3W9K,boltz,1,RDKit,16,9.107096789616563,135,0.9003317871854289,0.14285714285714285,0.15625,0.14925373134328357,0.08064516129032258,0.285184907913208,32,35,5,0.5789473684210527,0.6875,0.6285714285714286,0.4583333333333333,11,16,19
3W9K,vina_best,5,RDKit,16,1.4635894660047253,135,4.610300633253077e-15,0.0,0.0,0.0,0.0,nan,32,4,0,1.0,0.1875,0.3157894736842105,0.1875,3,16,3
3W9K,vina_median,,,16.0,4.867044990289279,135.0,4.610300633253077e-15,0.0,0.0,0.0,0.0,1.0111522674560547,32.0,4.0,0.0,1.0,0.1875,0.3157894736842105,0.1875,3.0,16.0,3.0
3WEB,boltz,1,RDKit,20,4.182119493583211,132,0.8427920037469099,0.08571428571428572,0.09090909090909091,0.08823529411764705,0.046153846153846156,0.1798720359802246,33,35,3,0.631578947368421,0.8,0.7058823529411765,0.5454545454545454,12,15,19
3WEB,vina_best,7,RDKit,20,1.815806459951062,132,7.555731744299674e-15,0.0625,0.030303030303030304,0.04081632653061225,0.020833333333333332,0.6226885318756104,33,16,1,1.0,0.3333333333333333,0.5,0.3333333333333333,5,15,5
3WEB,vina_median,,,20.0,4.526225570295233,132.0,7.555731744299674e-15,0.0,0.0,0.0,0.0,0.5143115520477295,33.0,7.5,0.0,1.0,0.26666666666666666,0.4210526315789474,0.26666666666666666,4.0,15.0,4.0
4AZP,boltz,1,RDKit,25,1.9307299235051993,134,0.4636223839632299,0.2564102564102564,0.2564102564102564,0.2564102564102564,0.14705882352941177,0.3590477466583252,39,39,10,0.95,0.95,0.9500000000000001,0.9047619047619048,19,20,20
4AZP,vina_best,9,RDKit,25,1.7817527101143982,134,5.686431089448624e-15,0.36585365853658536,0.38461538461538464,0.37499999999999994,0.23076923076923078,0.789326524734497,39,41,15,0.9090909090909091,1.0,0.9523809523809523,0.9090909090909091,20,20,22
4AZP,vina_median,,,25.0,4.622927848685365,134.0,5.686431089448624e-15,0.10227272727272727,0.11538461538461538,0.10843373493975902,0.057367737747484576,0.4439713001251221,39.0,41.0,4.5,0.8181818181818182,0.925,0.8603896103896104,0.755,18.5,20.0,22.0
4DOL,boltz,1,RDKit,18,7.650647902423832,207,1.2084753664767403,0.1724137931034483,0.12195121951219512,0.14285714285714285,0.07692307692307693,0.13367228507995604,41,29,5,0.8,0.5714285714285714,0.6666666666666666,0.5,12,21,15
4DOL,vina_best,14,RDKit,18,1.758186613151931,207,6.899727916486784e-15,0.0,0.0,0.0,0.0,nan,41,10,0,1.0,0.19047619047619047,0.32,0.19047619047619047,4,21,4
4DOL,vina_median,,,18.0,5.1282984790624155,207.0,6.899727916486784e-15,0.0,0.0,0.0,0.0,,41.0,9.0,0.0,1.0,0.19047619047619047,0.32,0.19047619047619047,4.0,21.0,4.0
4INQ,boltz,1,RDKit,43,1.1787489836913692,372,0.7976794958006362,0.4492753623188406,0.484375,0.4661654135338346,0.30392156862745096,0.41461825370788574,64,69,31,0.9655172413793104,0.9333333333333333,0.9491525423728815,0.9032258064516129,28,30,29
4INQ,vina_best,3,RDKit,43,1.6839290088886607,372,4.896719436644126e-15,0.0,0.0,0.0,0.0,nan,64,6,0,1.0,0.1,0.18181818181818182,0.1,3,30,3
4INQ,vina_median,,,43.0,4.752709173552711,372.0,4.896719436644126e-15,0.0,0.0,0.0,0.0,,64.0,2.0,0.0,1.0,0.06666666666666667,0.125,0.06666666666666667,2.0,30.0,2.0
4K80,boltz,1,RDKit,28,1.048194243609662,209,0.9438165744018101,0.5,0.5740740740740741,0.5344827586206897,0.36470588235294116,0.33075797942376906,54,62,31,0.9523809523809523,0.9523809523809523,0.9523809523809523,0.9090909090909091,20,21,21
4K80,vina_best,2,RDKit,28,1.3410107728341116,209,8.049771065287684e-15,0.14285714285714285,0.037037037037037035,0.058823529411764705,0.030303030303030304,0.75926673412323,54,14,2,1.0,0.14285714285714285,0.25,0.14285714285714285,3,21,3
4K80,vina_median,,,28.0,3.227395998357094,209.0,8.049771065287684e-15,0.1,0.018518518518518517,0.03125,0.015873015873015872,0.8716399669647217,54.0,9.0,1.0,1.0,0.14285714285714285,0.25,0.14285714285714285,3.0,21.0,3.0
4NS0,boltz,1,RDKit,34,3.087601628948118,128,1.1135395365985226,0.2727272727272727,0.3103448275862069,0.2903225806451613,0.16981132075471697,0.6311395168304443,29,33,9,0.75,0.6,0.6666666666666665,0.5,6,10,8
4NS0,vina_best,20,RDKit,34,3.898626654877031,128,7.5829241692784e-15,0.0,0.0,0.0,0.0,nan,29,3,0,1.0,0.1,0.18181818181818182,0.1,1,10,1
4NS0,vina_median,,,34.0,6.9956201749189155,128.0,7.5829241692784e-15,0.0,0.0,0.0,0.0,,29.0,4.0,0.0,1.0,0.2,0.33333333333333337,0.2,2.0,10.0,2.0
4QA8,boltz,1,RDKit,34,0.48059454562547027,210,0.5193830363250064,0.6808510638297872,0.7272727272727273,0.7032967032967034,0.5423728813559322,0.20893070846796036,44,47,32,1.0,0.9629629629629629,0.9811320754716981,0.9629629629629629,26,27,26
4QA8,vina_best,9,RDKit,34,1.6459907440237231,210,6.410114363416556e-14,0.27906976744186046,0.2727272727272727,0.2758620689655172,0.16,0.325977087020874,44,43,12,0.92,0.8518518518518519,0.8846153846153846,0.7931034482758621,23,27,25
4QA8,vina_median,,,34.0,5.781197794125266,210.0,6.410114363416556e-14,0.0,0.0,0.0,0.0,0.325977087020874,44.0,43.0,0.0,0.9230769230769231,0.8518518518518519,0.8823076923076923,0.7894088669950738,23.0,27.0,24.0
4RC8,boltz,1,RDKit,20,1.2603676342352907,222,0.4403635504059601,0.4444444444444444,0.4,0.4210526315789474,0.26666666666666666,0.29447346925735474,60,54,24,1.0,0.9285714285714286,0.962962962962963,0.9285714285714286,26,28,26
4RC8,vina_best,10,RDKit,20,4.749177844637955,444,9.600468496787617e-15,0.08333333333333333,0.016666666666666666,0.027777777777777776,0.014084507042253521,0.7200658321380615,60,12,1,1.0,0.25,0.4,0.25,7,28,7
4RC8,vina_median,,,20.0,7.017771626049706,444.0,9.600468496787617e-15,0.0,0.0,0.0,0.0,0.4655517339706421,60.0,7.0,0.0,1.0,0.17857142857142858,0.28594771241830064,0.1668520578420467,5.0,28.0,5.0
4TW3,boltz,1,RDKit,20,1.2053375421797021,222,0.26430866444443535,0.4716981132075472,0.390625,0.42735042735042733,0.2717391304347826,0.25274947166442874,64,53,25,1.0,0.9642857142857143,0.9818181818181818,0.9642857142857143,27,28,27
4TW3,vina_best,8,RDKit,20,5.861668431428035,222,1.1683705704818043e-14,0.0,0.0,0.0,0.0,nan,64,6,0,1.0,0.10714285714285714,0.19354838709677416,0.10714285714285714,3,28,3
4TW3,vina_median,,,20.0,7.425948408740872,222.0,1.1683705704818043e-14,0.0,0.0,0.0,0.0,0.45818328857421875,64.0,8.0,0.0,1.0,0.125,0.21798631476050828,0.12253694581280788,3.5,28.0,4.0
4WBK,boltz,1,RDKit,20,0.4656093096963303,133,0.3257590624128646,0.8461538461538461,0.9166666666666666,0.8799999999999999,0.7857142857142857,0.06748843193054199,36,39,33,1.0,1.0,1.0,1.0,20,20,20
4WBK,vina_best,17,RDKit,20,1.2690504915093013,133,5.942856958522402e-15,0.0,0.0,0.0,0.0,nan,36,4,0,1.0,0.1,0.18181818181818182,0.1,2,20,2
4WBK,vina_median,,,20.0,4.738805103741653,133.0,5.942856958522402e-15,0.0,0.0,0.0,0.0,0.3282661437988281,36.0,7.5,0.0,0.9,0.15,0.2608695652173913,0.15,3.0,20.0,4.0
4X9X,boltz,1,RDKit,20,0.8711691942678811,268,3.8893810694864137,0.41025641025641024,0.41025641025641024,0.41025641025641024,0.25806451612903225,0.18124529719352722,39,39,16,0.5,0.44,0.46808510638297873,0.3055555555555556,11,25,22
4X9X,vina_best,6,RDKit,20,1.5080001326259866,268,1.0839251316814124e-14,0.0,0.0,0.0,0.0,nan,39,8,0,1.0,0.16,0.2758620689655173,0.16,4,25,4
4X9X,vina_median,,,20.0,9.23290050646183,268.0,1.0839251316814124e-14,0.0,0.0,0.0,0.0,0.29427552223205566,39.0,5.0,0.0,1.0,0.12,0.21428571428571425,0.12,3.0,25.0,4.0
5BVT,boltz,1,RDKit,18,2.3206232098508583,134,0.3558338012876836,0.3055555555555556,0.2972972972972973,0.3013698630136986,0.1774193548387097,0.7301484671506014,37,36,11,0.95,0.95,0.9500000000000001,0.9047619047619048,19,20,20
5BVT,vina_best,9,RDKit,18,1.0924931985549795,134,6.19120744297956e-15,0.0,0.0,0.0,0.0,nan,37,6,0,1.0,0.15,0.2608695652173913,0.15,3,20,3
5BVT,vina_median,,,18.0,4.798461719070131,134.0,6.19120744297956e-15,0.0,0.0,0.0,0.0,,37.0,7.0,0.0,1.0,0.15,0.2608695652173913,0.15,3.0,20.0,3.0
5K8K,boltz,1,RDKit,48,0.6241354052769111,233,0.3857912158882905,0.5774647887323944,0.5694444444444444,0.5734265734265734,0.4019607843137255,0.1489021080296214,72,71,41,0.9333333333333333,0.875,0.9032258064516129,0.8235294117647058,28,32,30
5K8K,vina_best,8,RDKit,48,6.399039849852473,233,9.73690219991194e-15,0.0,0.0,0.0,0.0,nan,72,6,0,1.0,0.15625,0.2702702702702703,0.15625,5,32,5
5K8K,vina_median,,,48.0,9.109245776767207,233.0,9.73690219991194e-15,0.0,0.0,0.0,0.0,0.43094897270202637,72.0,11.5,0.0,1.0,0.125,0.21067221067221067,0.11774891774891774,4.0,32.0,5.0
5NU2,boltz,1,RDKit,18,1.3718085211719535,174,0.545987467060913,0.2857142857142857,0.30434782608695654,0.29473684210526313,0.1728395061728395,0.3777752603803362,46,49,14,0.9583333333333334,1.0,0.9787234042553191,0.9583333333333334,23,23,24
5NU2,vina_best,3,RDKit,18,1.5015637219615807,174,8.966459531371643e-15,0.0,0.0,0.0,0.0,nan,46,11,0,0.8,0.17391304347826086,0.2857142857142857,0.16666666666666666,4,23,5
5NU2,vina_median,,,18.0,5.51361725210162,174.0,8.966459531371643e-15,0.0,0.0,0.0,0.0,0.8993420600891113,46.0,7.5,0.0,1.0,0.17391304347826086,0.2857142857142857,0.16666666666666666,4.0,23.0,4.0
5NU6,boltz,1,RDKit,18,1.327777599177867,174,0.462780357636071,0.2916666666666667,0.2916666666666667,0.2916666666666667,0.17073170731707318,0.33581784793308805,48,48,14,0.9565217391304348,0.9565217391304348,0.9565217391304348,0.9166666666666666,22,23,23
5NU6,vina_best,2,RDKit,18,1.5820700750037038,174,8.377558710390308e-15,0.16666666666666666,0.041666666666666664,0.06666666666666667,0.034482758620689655,0.2178058624267578,48,12,2,0.8,0.17391304347826086,0.2857142857142857,0.16666666666666666,4,23,5
5NU6,vina_median,,,18.0,5.732348959817848,174.0,8.377558710390308e-15,0.0,0.0,0.0,0.0,0.2721896171569824,48.0,7.5,0.0,1.0,0.17391304347826086,0.29629629629629634,0.17391304347826086,4.0,23.0,4.5
5NUA,boltz,1,RDKit,14,1.6431924914006002,174,0.831265157629796,0.32432432432432434,0.2926829268292683,0.30769230769230765,0.18181818181818182,0.3565027713775635,41,37,12,1.0,0.95,0.9743589743589743,0.95,19,20,19
5NUA,vina_best,1,RDKit,14,1.8425325157045602,174,8.587124031713226e-15,0.07142857142857142,0.024390243902439025,0.03636363636363637,0.018518518518518517,1.6479551792144775,41,14,1,0.8333333333333334,0.25,0.3846153846153846,0.23809523809523808,5,20,6
5NUA,vina_median,,,14.0,4.404774383238816,174.0,8.587124031713226e-15,0.0,0.0,0.0,0.0,1.3107573986053467,41.0,9.0,0.0,0.9166666666666667,0.2,0.3266666666666667,0.19523809523809524,4.0,20.0,5.0
5UWZ,boltz,1,RDKit,20,1.3918531279044684,219,0.9772191542866765,0.3673469387755102,0.4090909090909091,0.3870967741935484,0.24,0.5546411408318414,44,49,18,0.8846153846153846,1.0,0.9387755102040816,0.8846153846153846,23,23,26
5UWZ,vina_best,9,RDKit,20,1.0744929036526945,219,8.315236687099618e-15,0.0,0.0,0.0,0.0,nan,44,12,0,1.0,0.34782608695652173,0.5161290322580645,0.34782608695652173,8,23,8
5UWZ,vina_median,,,20.0,8.010148294763692,219.0,8.315236687099618e-15,0.0,0.0,0.0,0.0,,44.0,7.5,0.0,1.0,0.21739130434782608,0.35098522167487683,0.2128623188405797,5.0,23.0,5.0
5Y5C,boltz,1,RDKit,24,3.463786342434608,159,0.7246594448780126,0.18421052631578946,0.1590909090909091,0.17073170731707316,0.09333333333333334,0.29414323398045134,44,38,7,0.25,0.2222222222222222,0.23529411764705882,0.13333333333333333,6,27,24
5Y5C,vina_best,20,RDKit,24,2.3600573439360883,317,1.036391039644771e-14,0.0,0.0,0.0,0.0,nan,44,2,0,0.5,0.037037037037037035,0.06896551724137931,0.03571428571428571,1,27,2
5Y5C,vina_median,,,24.0,3.2926717556461593,317.0,1.036391039644771e-14,0.0,0.0,0.0,0.0,0.12518155574798584,44.0,3.0,0.0,0.5,0.037037037037037035,0.06896551724137931,0.03571428571428571,1.0,27.0,2.0
6C74,boltz,1,RDKit,11,0.3220784378288492,111,0.24387546354920853,1.0,0.7894736842105263,0.8823529411764706,0.7894736842105263,0.21454003651936848,19,15,15,1.0,0.7142857142857143,0.8333333333333333,0.7142857142857143,5,7,5
6C74,vina_best,13,RDKit,11,2.5905055491158473,111,4.409470742292316e-15,0.0,0.0,0.0,0.0,nan,19,1,0,1.0,0.14285714285714285,0.25,0.14285714285714285,1,7,1
6C74,vina_median,,,11.0,4.3171424725065455,111.0,4.409470742292316e-15,0.0,0.0,0.0,0.0,,19.0,5.5,0.0,1.0,0.3571428571428571,0.4949494949494949,0.33035714285714285,2.5,7.0,2.5
6DGG,boltz,1,RDKit,14,0.3003447159725114,103,0.8822614935132203,0.7631578947368421,0.7631578947368421,0.7631578947368421,0.6170212765957447,0.21908164024353027,38,38,29,0.95,0.95,0.9500000000000001,0.9047619047619048,19,20,20
6DGG,vina_best,2,RDKit,14,1.281350543093385,103,3.3229814012540233e-15,0.0,0.0,0.0,0.0,nan,38,8,0,1.0,0.2,0.33333333333333337,0.2,4,20,4
6DGG,vina_median,,,14.0,3.067529041707151,103.0,3.3229814012540233e-15,0.0,0.0,0.0,0.0,0.4256439208984375,38.0,7.5,0.0,1.0,0.2,0.33333333333333337,0.2,4.0,20.0,4.0
6DKE,boltz,1,RDKit,18,1.2910529129698636,283,0.9223341576201421,0.35,0.35,0.35,0.21212121212121213,0.25489051001412527,40,40,14,1.0,0.9545454545454546,0.9767441860465117,0.9545454545454546,21,22,21
6DKE,vina_best,2,RDKit,18,1.4462528401969619,283,4.965632745274616e-15,0.0,0.0,0.0,0.0,nan,40,5,0,0.75,0.13636363636363635,0.23076923076923075,0.13043478260869565,3,22,4
6DKE,vina_median,,,18.0,6.468021606405825,283.0,4.965632745274616e-15,0.0,0.0,0.0,0.0,0.2093130350112915,40.0,5.0,0.0,1.0,0.13636363636363635,0.24000000000000002,0.13636363636363635,3.0,22.0,3.0
6E5F,boltz,1,RDKit,35,0.7101807880517883,173,0.34501703597393807,0.64,0.6956521739130435,0.6666666666666666,0.5,0.2205493003129959,23,25,16,0.9473684210526315,1.0,0.972972972972973,0.9473684210526315,18,18,19
6E5F,vina_best,8,RDKit,35,3.07085409567669,173,1.3973658896503672e-14,0.14285714285714285,0.17391304347826086,0.1568627450980392,0.0851063829787234,0.25879400968551636,23,28,4,0.8333333333333334,0.8333333333333334,0.8333333333333334,0.7142857142857143,15,18,18
6E5F,vina_median,,,35.0,6.116844969335208,173.0,1.3973658896503672e-14,0.1111111111111111,0.13043478260869565,0.12,0.06382978723404255,0.44272998968760174,23.0,27.0,3.0,0.7836257309941521,0.7777777777777778,0.7888888888888889,0.6515151515151515,14.0,18.0,18.0
6EW2,boltz,1,RDKit,18,0.9623956603712575,133,0.3293939777876558,0.53125,0.4722222222222222,0.4999999999999999,0.3333333333333333,0.37221916984109316,36,32,17,0.9444444444444444,0.7727272727272727,0.85,0.7391304347826086,17,22,18
6EW2,vina_best,8,RDKit,18,1.7154124544519573,133,7.137502777145865e-15,0.2,0.05555555555555555,0.08695652173913045,0.045454545454545456,0.2084897756576538,36,10,2,1.0,0.22727272727272727,0.37037037037037035,0.22727272727272727,5,22,5
6EW2,vina_median,,,18.0,4.134518351741245,133.0,7.137502777145865e-15,0.0,0.0,0.0,0.0,0.29960576693216956,36.0,7.5,0.0,1.0,0.1590909090909091,0.27384615384615385,0.1590909090909091,3.5,22.0,4.0
6EW4,boltz,1,RDKit,18,1.0326333102461516,133,0.3067197759405988,0.8125,0.7647058823529411,0.787878787878788,0.65,0.3144253125557533,34,32,26,1.0,0.9,0.9473684210526316,0.9,18,20,18
6EW4,vina_best,20,RDKit,18,1.2129262824535825,133,4.402955519628171e-15,0.0,0.0,0.0,0.0,nan,34,9,0,1.0,0.2,0.33333333333333337,0.2,4,20,4
6EW4,vina_median,,,18.0,4.067570922219385,133.0,4.402955519628171e-15,0.05555555555555555,0.014705882352941176,0.02325581395348837,0.011904761904761904,0.2649914026260376,34.0,8.5,0.5,1.0,0.2,0.33333333333333337,0.2,4.0,20.0,4.5
6GE7,boltz,1,RDKit,21,1.3528406041094787,162,0.8300764989212377,0.6060606060606061,0.5882352941176471,0.5970149253731343,0.425531914893617,0.34306787252426146,34,33,20,0.9545454545454546,0.9545454545454546,0.9545454545454546,0.9130434782608695,21,22,22
6GE7,vina_best,2,RDKit,21,2.6116546661528792,162,8.86561071949292e-15,0.0,0.0,0.0,0.0,nan,34,5,0,0.75,0.13636363636363635,0.23076923076923075,0.13043478260869565,3,22,4
6GE7,vina_median,,,21.0,8.098188825862668,162.0,8.86561071949292e-15,0.0,0.0,0.0,0.0,,34.0,3.0,0.0,1.0,0.09090909090909091,0.16666666666666669,0.09090909090909091,2.0,22.0,2.0
6GF9,boltz,1,RDKit,19,0.8744828989559932,161,0.6631426421465749,0.5882352941176471,0.5882352941176471,0.5882352941176471,0.4166666666666667,0.2888664841651917,34,34,20,0.9523809523809523,0.9090909090909091,0.9302325581395349,0.8695652173913043,20,22,21
6GF9,vina_best,20,RDKit,19,1.8532264894104653,161,4.381719036248839e-15,0.0,0.0,0.0,0.0,nan,34,1,0,1.0,0.045454545454545456,0.08695652173913045,0.045454545454545456,1,22,1
6GF9,vina_median,,,19.0,3.7754070676306934,161.0,4.381719036248839e-15,0.0,0.0,0.0,0.0,,34.0,3.0,0.0,1.0,0.09090909090909091,0.16666666666666669,0.09090909090909091,2.0,22.0,2.0
6GFS,boltz,1,RDKit,17,0.7786599956279686,162,0.6769805035414461,0.5483870967741935,0.5666666666666667,0.5573770491803278,0.38636363636363635,0.21352401901693904,30,31,17,1.0,0.9523809523809523,0.975609756097561,0.9523809523809523,20,21,20
6GFS,vina_best,7,RDKit,17,1.7698076831379483,162,8.766054729723543e-15,0.0,0.0,0.0,0.0,nan,30,3,0,1.0,0.14285714285714285,0.25,0.14285714285714285,3,21,3
6GFS,vina_median,,,17.0,4.415588674423717,162.0,8.766054729723543e-15,0.0,0.0,0.0,0.0,,30.0,3.0,0.0,1.0,0.09523809523809523,0.17391304347826084,0.09523809523809523,2.0,21.0,2.0
6IWP,boltz,1,RDKit,16,11.07214249862593,90,0.5567779197271868,0.034482758620689655,0.034482758620689655,0.034482758620689655,0.017543859649122806,1.3983924388885498,29,29,1,0.42105263157894735,0.5,0.45714285714285713,0.2962962962962963,8,16,19
6IWP,vina_best,10,RDKit,16,1.251098617216084,90,3.101173869183615e-15,0.0,0.0,0.0,0.0,nan,29,6,0,1.0,0.1875,0.3157894736842105,0.1875,3,16,3
6IWP,vina_median,,,16.0,3.553606055825547,90.0,3.101173869183615e-15,0.0,0.0,0.0,0.0,,29.0,6.0,0.0,1.0,0.1875,0.3157894736842105,0.1875,3.0,16.0,3.0
6LX7,boltz,1,RDKit,20,1.0741928776566956,268,1.5452897419748406,0.5333333333333333,0.5454545454545454,0.5393258426966293,0.36923076923076925,0.23246600230534872,44,45,24,1.0,0.9615384615384616,0.9803921568627451,0.9615384615384616,25,26,25
6LX7,vina_best,17,RDKit,20,1.3993703762764167,268,6.618323488470104e-15,0.0,0.0,0.0,0.0,nan,44,3,0,0.6666666666666666,0.07692307692307693,0.13793103448275862,0.07407407407407407,2,26,3
6LX7,vina_median,,,20.0,7.83833917038552,268.0,6.618323488470104e-15,0.0,0.0,0.0,0.0,0.4425698518753052,44.0,2.0,0.0,1.0,0.07692307692307693,0.13793103448275862,0.07407407407407407,2.0,26.0,2.0
6MD0,boltz,1,RDKit,20,1.431582502742289,255,0.3402115931830417,0.4666666666666667,0.375,0.4158415841584158,0.2625,0.28947805223010836,56,45,21,0.68,0.5862068965517241,0.6296296296296295,0.4594594594594595,17,29,25
6MD0,vina_best,4,RDKit,20,1.6309659714414642,512,1.035931364845281e-14,0.0,0.0,0.0,0.0,nan,56,9,0,0.8,0.13793103448275862,0.2352941176470588,0.13333333333333333,4,29,5
6MD0,vina_median,,,20.0,4.936079344986261,512.0,1.035931364845281e-14,0.0,0.0,0.0,0.0,0.08167541027069092,56.0,2.0,0.0,1.0,0.034482758620689655,0.06666666666666667,0.034482758620689655,1.0,29.0,2.0
6NOK,boltz,1,RDKit,16,1.429997210257384,285,1.519100932776461,0.4166666666666667,0.375,0.3947368421052631,0.2459016393442623,0.2717286745707194,40,36,15,0.95,0.8260869565217391,0.8837209302325583,0.7916666666666666,19,23,20
6NOK,vina_best,10,RDKit,16,4.538229149403984,285,8.060788878551133e-15,0.0,0.0,0.0,0.0,nan,40,7,0,1.0,0.13043478260869565,0.23076923076923078,0.13043478260869565,3,23,3
6NOK,vina_median,,,16.0,7.035353384712687,285.0,8.060788878551133e-15,0.0,0.0,0.0,0.0,0.32897257804870605,40.0,6.0,0.0,0.9,0.13043478260869565,0.23076923076923078,0.13043478260869565,3.0,23.0,4.0
6XU5,boltz,1,RDKit,18,0.9536535047320946,133,0.24628402166118932,0.48484848484848486,0.45714285714285713,0.4705882352941177,0.3076923076923077,0.3403708040714264,35,33,16,1.0,0.8571428571428571,0.923076923076923,0.8571428571428571,18,21,18
6XU5,vina_best,3,RDKit,18,1.8204789815381612,133,5.9739834398852415e-15,0.1111111111111111,0.02857142857142857,0.04545454545454545,0.023255813953488372,0.37328052520751953,35,9,1,1.0,0.19047619047619047,0.32,0.19047619047619047,4,21,4
6XU5,vina_median,,,18.0,4.375502556747165,133.0,5.9739834398852415e-15,0.0,0.0,0.0,0.0,0.3406858444213867,35.0,8.5,0.0,0.788888888888889,0.19047619047619047,0.2962962962962963,0.17391304347826086,4.0,21.0,4.0
7DEI,boltz,1,RDKit,43,1.205201098889387,376,0.9052873456600339,0.32894736842105265,0.32051282051282054,0.32467532467532473,0.1937984496124031,0.2257837200164795,78,76,25,0.5,0.4375,0.4666666666666667,0.30434782608695654,14,32,28
7DEI,vina_best,1,RDKit,43,1.6468862374401496,753,2.1781184058485e-14,0.0,0.0,0.0,0.0,nan,78,6,0,1.0,0.0625,0.11764705882352941,0.0625,2,32,2
7DEI,vina_median,,,43.0,4.697202545793321,753.0,2.1781184058485e-14,0.0,0.0,0.0,0.0,,78.0,3.5,0.0,0.8333333333333333,0.03125,0.06060606060606061,0.03125,1.0,32.0,2.0
7E25,boltz,1,RDKit,18,1.7615122781857226,139,2.0321249450676286,0.24242424242424243,0.26666666666666666,0.253968253968254,0.14545454545454545,0.25661179423332214,30,33,8,0.85,1.0,0.9189189189189189,0.85,17,17,20
7E25,vina_best,2,RDKit,18,1.514649042591129,139,8.142189919118529e-15,0.0,0.0,0.0,0.0,nan,30,12,0,1.0,0.29411764705882354,0.45454545454545453,0.29411764705882354,5,17,5
7E25,vina_median,,,18.0,4.6815387961389945,139.0,8.142189919118529e-15,0.0,0.0,0.0,0.0,,30.0,9.0,0.0,1.0,0.23529411764705882,0.3636363636363636,0.2222222222222222,4.0,17.0,5.0
7FXL,boltz,1,RDKit,16,1.9480899709379096,130,0.3605523787079907,0.3103448275862069,0.3103448275862069,0.3103448275862069,0.1836734693877551,0.2795194784800212,29,29,9,0.9411764705882353,0.9411764705882353,0.9411764705882353,0.8888888888888888,16,17,17
7FXL,vina_best,19,RDKit,16,1.745578091922557,130,7.939135007054504e-15,0.0,0.0,0.0,0.0,nan,29,11,0,1.0,0.29411764705882354,0.45454545454545453,0.29411764705882354,5,17,5
7FXL,vina_median,,,16.0,4.836943964156604,130.0,7.939135007054504e-15,0.0,0.0,0.0,0.0,0.3161201477050781,29.0,6.0,0.0,0.8333333333333333,0.11764705882352941,0.21052631578947367,0.11764705882352941,2.0,17.0,3.0
7FY1,boltz,1,RDKit,16,1.3626897980054413,134,0.4350166826721454,0.5714285714285714,0.5882352941176471,0.5797101449275363,0.40816326530612246,0.282585346698761,34,35,20,0.9444444444444444,0.8947368421052632,0.918918918918919,0.85,17,19,18
7FY1,vina_best,3,RDKit,16,1.87602825138642,134,7.998174752286488e-15,0.09090909090909091,0.029411764705882353,0.04444444444444444,0.022727272727272728,0.0326085090637207,34,11,1,1.0,0.2631578947368421,0.4166666666666667,0.2631578947368421,5,19,5
7FY1,vina_median,,,16.0,4.346984049232155,134.0,7.998174752286488e-15,0.0,0.0,0.0,0.0,0.03283357620239258,34.0,7.0,0.0,0.9285714285714286,0.15789473684210525,0.26136363636363635,0.15037593984962405,3.0,19.0,4.0
7FZK,boltz,1,RDKit,16,1.4179451037399433,133,0.4537795628901258,0.4166666666666667,0.4411764705882353,0.42857142857142855,0.2727272727272727,0.12882521947224934,34,36,15,1.0,1.0,1.0,1.0,19,19,19
7FZK,vina_best,1,RDKit,16,1.3678597789978326,133,6.293596536689066e-15,0.0,0.0,0.0,0.0,nan,34,5,0,1.0,0.10526315789473684,0.1904761904761905,0.10526315789473684,2,19,2
7FZK,vina_median,,,16.0,4.540360690498991,133.0,6.293596536689066e-15,0.0,0.0,0.0,0.0,1.3360917568206787,34.0,8.0,0.0,1.0,0.21052631578947367,0.32,0.19047619047619047,4.0,19.0,4.0
7JX2,boltz,1,RDKit,23,0.8052685724307777,135,0.4770725249797981,0.5384615384615384,0.5121951219512195,0.525,0.3559322033898305,0.2568304652259463,41,39,21,0.9545454545454546,0.9545454545454546,0.9545454545454546,0.9130434782608695,21,22,22
7JX2,vina_best,6,RDKit,23,1.63101896664791,135,8.32547275083655e-15,0.27906976744186046,0.2926829268292683,0.2857142857142857,0.16666666666666666,0.41051769256591797,41,43,12,0.9130434782608695,0.9545454545454546,0.9333333333333332,0.875,21,22,23
7JX2,vina_median,,,23.0,4.006549927129199,135.0,8.32547275083655e-15,0.13597560975609757,0.13414634146341464,0.13504968383017163,0.07246753246753246,0.3619510783089532,41.0,42.5,5.5,0.8973684210526316,0.8636363636363636,0.866600790513834,0.7646153846153847,19.0,22.0,22.0
7K3I,boltz,1,RDKit,19,0.44308467606846147,138,1.8252146634698734,0.6756756756756757,0.6756756756756757,0.6756756756756757,0.5102040816326531,0.31919113159179685,37,37,25,1.0,1.0,1.0,1.0,21,21,21
7K3I,vina_best,11,RDKit,19,1.5218959263124099,138,1.3183362891720472e-14,0.40540540540540543,0.40540540540540543,0.40540540540540543,0.2542372881355932,0.33783528010050456,37,37,15,0.95,0.9047619047619048,0.9268292682926829,0.8636363636363636,19,21,20
7K3I,vina_median,,,19.0,3.0708821178677943,138.0,1.3183362891720472e-14,0.09317211948790896,0.0945945945945946,0.09387387387387389,0.04929577464788733,0.4548241198062897,37.0,38.0,3.5,0.8535714285714285,0.8571428571428571,0.8471760797342193,0.735,18.0,21.0,21.0
7M6C,boltz,1,RDKit,14,1.7761435080765904,122,0.8648874259823652,0.30434782608695654,0.30434782608695654,0.30434782608695654,0.1794871794871795,0.1866772174835205,23,23,7,0.9285714285714286,1.0,0.962962962962963,0.9285714285714286,13,13,14
7M6C,vina_best,4,RDKit,14,1.7018351229523636,122,4.6323732505619184e-15,0.0,0.0,0.0,0.0,nan,23,5,0,1.0,0.15384615384615385,0.2666666666666667,0.15384615384615385,2,13,2
7M6C,vina_median,,,14.0,4.545266305258065,122.0,4.6323732505619184e-15,0.0,0.0,0.0,0.0,0.0749971866607666,23.0,4.0,0.0,1.0,0.23076923076923078,0.3529411764705882,0.21428571428571427,3.0,13.0,3.0
7Q02,boltz,1,RDKit,18,1.7315398808754732,153,0.9290238407922216,0.3023255813953488,0.2708333333333333,0.2857142857142857,0.16666666666666666,0.24111021482027495,48,43,13,1.0,0.8636363636363636,0.9268292682926829,0.8636363636363636,19,22,19
7Q02,vina_best,3,RDKit,18,1.6451062782284527,153,5.7880144100033534e-15,0.0,0.0,0.0,0.0,nan,48,8,0,1.0,0.22727272727272727,0.37037037037037035,0.22727272727272727,5,22,5
7Q02,vina_median,,,18.0,4.702778556380058,153.0,5.7880144100033534e-15,0.0,0.0,0.0,0.0,,48.0,10.5,0.0,1.0,0.2727272727272727,0.42857142857142855,0.2727272727272727,6.0,22.0,6.0
7RJI,boltz,1,RDKit,20,6.810897844058899,122,0.9246709482676673,0.19230769230769232,0.21739130434782608,0.20408163265306123,0.11363636363636363,1.172849464416504,23,26,5,0.9166666666666666,0.8461538461538461,0.8799999999999999,0.7857142857142857,11,13,12
7RJI,vina_best,6,RDKit,20,4.3977480246092995,122,6.357023685336631e-15,0.0,0.0,0.0,0.0,nan,23,6,0,0.6666666666666666,0.15384615384615385,0.25,0.14285714285714285,2,13,3
7RJI,vina_median,,,20.0,8.207447773757382,122.0,6.357023685336631e-15,0.0,0.0,0.0,0.0,1.4260151783625283,23.0,5.0,0.0,1.0,0.15384615384615385,0.25,0.14285714285714285,2.0,13.0,2.0
7U9D,boltz,1,RDKit,54,0.582023293791001,203,0.3675179775020264,0.5063291139240507,0.5194805194805194,0.5128205128205129,0.3448275862068966,0.15321239233016967,77,79,40,0.9736842105263158,1.0,0.9866666666666666,0.9736842105263158,37,37,38
7U9D,vina_best,13,RDKit,54,4.528067503341224,203,9.27910047636587e-15,0.0,0.0,0.0,0.0,nan,77,6,0,1.0,0.13513513513513514,0.2380952380952381,0.13513513513513514,5,37,5
7U9D,vina_median,,,54.0,7.32335833768135,203.0,9.27910047636587e-15,0.0,0.0,0.0,0.0,1.3989343047142029,77.0,7.0,0.0,1.0,0.13513513513513514,0.2380952380952381,0.13513513513513514,5.0,37.0,5.0
7VR6,boltz,1,RDKit,47,1.3105695888090243,185,0.47835616272245457,0.3283582089552239,0.36666666666666664,0.3464566929133858,0.20952380952380953,0.3264854712919755,60,67,22,0.9714285714285714,0.9714285714285714,0.9714285714285714,0.9444444444444444,34,35,35
7VR6,vina_best,16,RDKit,47,1.9597406363348515,185,9.297329075907364e-15,0.0,0.0,0.0,0.0,nan,60,5,0,1.0,0.11428571428571428,0.20512820512820512,0.11428571428571428,4,35,4
7VR6,vina_median,,,47.0,6.6985401929878385,185.0,9.297329075907364e-15,0.0,0.0,0.0,0.0,0.4479804039001465,60.0,5.0,0.0,1.0,0.08571428571428572,0.15789473684210528,0.08571428571428572,3.0,35.0,3.0
7WVT,boltz,1,RDKit,57,0.9255403514580929,364,0.6257806513594694,0.5056179775280899,0.4945054945054945,0.5,0.3333333333333333,0.1734717157151964,91,89,45,1.0,0.9782608695652174,0.989010989010989,0.9782608695652174,45,46,45
7WVT,vina_best,3,RDKit,57,1.7217919724784487,364,1.0907983347814904e-14,0.0,0.0,0.0,0.0,nan,91,5,0,1.0,0.043478260869565216,0.08333333333333333,0.043478260869565216,2,46,2
7WVT,vina_median,,,57.0,6.535144194975565,364.0,1.0907983347814904e-14,0.0,0.0,0.0,0.0,,91.0,3.0,0.0,1.0,0.043478260869565216,0.08333333333333333,0.043478260869565216,2.0,46.0,2.0
7YF1,boltz,1,RDKit,18,0.9292859624562142,133,0.41163852088379543,0.5,0.53125,0.5151515151515151,0.3469387755102041,0.1274540143854478,32,34,17,0.9444444444444444,0.8947368421052632,0.918918918918919,0.85,17,19,18
7YF1,vina_best,2,RDKit,18,1.5821113420890025,133,6.58263184748188e-15,0.0,0.0,0.0,0.0,nan,32,12,0,1.0,0.3157894736842105,0.4799999999999999,0.3157894736842105,6,19,6
7YF1,vina_median,,,18.0,5.360683712656339,133.0,6.58263184748188e-15,0.0,0.0,0.0,0.0,,32.0,6.5,0.0,0.75,0.13157894736842105,0.22023809523809523,0.12406015037593984,2.5,19.0,4.0
7Z6W,boltz,1,RDKit,63,5.840163653199712,188,3.1899988707366593,0.0,0.0,0.0,0.0,nan,59,60,0,0.9393939393939394,0.96875,0.9538461538461539,0.9117647058823529,31,32,33
7Z6W,vina_best,10,RDKit,63,2.1015964982055535,188,7.749739406698702e-15,0.2545454545454545,0.23728813559322035,0.24561403508771928,0.14,0.19193233762468612,59,55,14,0.9666666666666667,0.90625,0.9354838709677419,0.8787878787878788,29,32,30
7Z6W,vina_median,,,63.0,6.0389718807524755,188.0,7.749739406698702e-15,0.049671592775041046,0.05084745762711865,0.050231189575451876,0.025762936753648828,0.3125955661137899,59.0,59.5,3.0,0.9310344827586207,0.90625,0.9076704545454546,0.830952380952381,29.0,32.0,31.0
8GOT,boltz,1,RDKit,102,5.905425007210051,208,0.8346917173164622,0.29411764705882354,0.32608695652173914,0.30927835051546393,0.18292682926829268,0.30706270535786945,46,51,15,0.8095238095238095,0.85,0.8292682926829269,0.7083333333333334,17,20,21
8GOT,vina_best,14,RDKit,102,11.922083918543114,208,7.617828595982867e-15,0.0,0.0,0.0,0.0,nan,46,6,0,1.0,0.15,0.2608695652173913,0.15,3,20,3
8GOT,vina_median,,,102.0,15.775088527048833,208.0,7.617828595982867e-15,0.0,0.0,0.0,0.0,,46.0,5.0,0.0,1.0,0.15,0.2608695652173913,0.15,3.0,20.0,3.0
8GYN,boltz,1,RDKit,49,1.0882920131022045,160,0.33996621479537276,0.44642857142857145,0.44642857142857145,0.44642857142857145,0.28735632183908044,0.3692895317077637,56,56,25,0.9655172413793104,0.9655172413793104,0.9655172413793104,0.9333333333333333,28,29,29
8GYN,vina_best,12,RDKit,49,2.531502397903633,160,5.881354038060814e-15,0.0,0.0,0.0,0.0,nan,56,5,0,1.0,0.10344827586206896,0.1875,0.10344827586206896,3,29,3
8GYN,vina_median,,,49.0,5.787480775617562,160.0,5.881354038060814e-15,0.0,0.0,0.0,0.0,,56.0,2.0,0.0,1.0,0.06896551724137931,0.125,0.06666666666666667,2.0,29.0,2.0
8IVL,boltz,1,RDKit,28,4.251623653023293,134,0.7265592639904518,0.19230769230769232,0.1282051282051282,0.15384615384615385,0.08333333333333333,0.39520964622497556,39,26,5,0.9375,0.7894736842105263,0.8571428571428572,0.75,15,19,16
8IVL,vina_best,5,RDKit,28,2.0022478171866167,134,4.2499128319266365e-15,0.37209302325581395,0.41025641025641024,0.3902439024390244,0.24242424242424243,0.8096316307783127,39,43,16,0.7307692307692307,1.0,0.8444444444444443,0.7307692307692307,19,19,26
8IVL,vina_median,,,28.0,5.694716928196446,134.0,4.2499128319266365e-15,0.026709401709401708,0.02564102564102564,0.026153846153846153,0.013250263250263251,0.6040016412734985,39.0,38.5,1.0,0.7182539682539683,0.7894736842105263,0.7533783783783784,0.6043478260869566,15.0,19.0,21.5
8QJZ,boltz,1,RDKit,48,1.095648772804207,239,0.6878508971943612,0.5161290322580645,0.47058823529411764,0.4923076923076923,0.32653061224489793,0.22702674567699432,68,62,32,1.0,0.8181818181818182,0.9,0.8181818181818182,27,33,27
8QJZ,vina_best,12,RDKit,48,6.338730754917213,239,6.269035336972297e-15,0.3076923076923077,0.058823529411764705,0.09876543209876543,0.05194805194805195,0.1324753761291504,68,13,4,0.8,0.12121212121212122,0.2105263157894737,0.11764705882352941,4,33,5
8QJZ,vina_median,,,48.0,9.854768314575669,239.0,6.269035336972297e-15,0.0,0.0,0.0,0.0,0.1324753761291504,68.0,7.5,0.0,1.0,0.09090909090909091,0.16666666666666669,0.09090909090909091,3.0,33.0,4.0
8T5T,boltz,1,RDKit,20,4.375589064667087,195,3.2506175858128206,0.07142857142857142,0.07692307692307693,0.07407407407407408,0.038461538461538464,0.7798794905344645,39,42,3,0.7391304347826086,0.7083333333333334,0.723404255319149,0.5666666666666667,17,24,23
8T5T,vina_best,3,RDKit,20,2.4169302948161326,195,9.134964252338593e-15,0.0,0.0,0.0,0.0,nan,39,3,0,1.0,0.041666666666666664,0.07999999999999999,0.041666666666666664,1,24,1
8T5T,vina_median,,,20.0,4.814547247445558,195.0,9.134964252338593e-15,0.0,0.0,0.0,0.0,0.6470423539479574,39.0,6.0,0.0,1.0,0.14583333333333331,0.24444444444444444,0.13942307692307693,3.5,24.0,4.0
