pdbid,method,pose_index,ref_ligand_id,pred_ligand_id,pairing_method,ligand_heavy_atoms,ligand_rmsd,headgroup_atoms,headgroup_rmsd,protein_pairs,protein_rmsd,headgroup_contacts_ref,headgroup_contacts_pred,headgroup_types_ref,headgroup_types_pred,head_env_precision,head_env_recall,head_env_f1,head_env_jaccard,head_env_shared,head_env_ref_size,head_env_pred_size,headgroup_typed_precision,headgroup_typed_recall,headgroup_typed_f1,headgroup_typed_jaccard,headgroup_typed_shared,headgroup_typed_ref_size,headgroup_typed_pred_size
1B56,boltz,1,A:PLM:136,L:LIG:1,RDKit,18,1.99760414116922,3,1.7642756796772185,133,0.46045559008106335,3,2,hydrogen_bonds=3,hydrogen_bonds=2,0.8,0.8,0.8000000000000002,0.6666666666666666,4,5,5,1.0,0.6666666666666666,0.8,0.6666666666666666,2,3,2
1B56,vina_top1,1,A:PLM:136,L:UNL:1,RDKit,18,4.008871370681114,3,7.687530747905989,NA,NA,3,3,hydrogen_bonds=3,hydrogen_bonds=3,0.1111111111111111,0.2,0.14285714285714285,0.07692307692307693,1,5,9,0.0,0.0,0.0,0.0,0,3,3
1DSY,boltz,1,A:PSF:401,L:LIG:1,RDKit_partial_pred,25,12.911597246869878,7,13.113603376312627,137,0.42912786942975506,5,3,attractive_charge=1;hydrogen_bonds=2;ionic=1;salt_bridge=1,attractive_charge=1;ionic=1;salt_bridge=1,0.16666666666666666,0.1,0.125,0.06666666666666667,1,10,6,0.0,0.0,0.0,0.0,0,5,3
1DSY,vina_top1,1,A:PSF:401,L:UNK:1,RDKit,25,5.379611305661404,7,4.874588319613697,NA,NA,5,4,attractive_charge=1;hydrogen_bonds=2;ionic=1;salt_bridge=1,attractive_charge=1;hydrogen_bonds=1;ionic=1;salt_bridge=1,0.6666666666666666,0.4,0.5,0.3333333333333333,4,10,6,0.0,0.0,0.0,0.0,0,5,4
1FE3,boltz,1,A:OLA:133,L:LIG:1,RDKit,20,1.161346881050375,3,1.157646579665901,131,0.5714908837897149,2,2,hydrogen_bonds=2,hydrogen_bonds=2,1.0,1.0,1.0,1.0,7,7,7,1.0,1.0,1.0,1.0,2,2,2
1FE3,vina_top1,1,A:OLA:133,L:UNL:1,RDKit,20,5.927460586119488,3,4.4451122595498065,NA,NA,2,2,hydrogen_bonds=2,hydrogen_bonds=2,0.4,0.2857142857142857,0.3333333333333333,0.2,2,7,5,0.5,0.5,0.5,0.3333333333333333,1,2,2
1FK1,boltz,1,A:DAO:201,L:LIG:1,RDKit,14,1.4075968615297711,3,1.5772609943545826,93,0.24637708158510777,1,1,hydrogen_bonds=1,hydrogen_bonds=1,0.7777777777777778,1.0,0.8750000000000001,0.7777777777777778,7,7,9,0.0,0.0,0.0,0.0,0,1,1
1FK1,vina_top1,1,A:DAO:201,L:UNL:1,RDKit,14,3.4351387994415252,3,2.5393797142871968,NA,NA,1,2,hydrogen_bonds=1,hydrogen_bonds=2,0.625,0.7142857142857143,0.6666666666666666,0.5,5,7,8,0.0,0.0,0.0,0.0,0,1,2
1FK4,boltz,1,A:STE:201,L:LIG:1,RDKit,20,1.0096908648817244,3,0.962474387500248,93,0.21739967173964408,2,1,hydrogen_bonds=2,hydrogen_bonds=1,0.875,1.0,0.9333333333333333,0.875,7,7,8,1.0,0.5,0.6666666666666666,0.5,1,2,1
1FK4,vina_top1,1,A:STE:201,L:UNL:1,RDKit,20,2.112612754387324,3,2.127104604856092,NA,NA,2,3,hydrogen_bonds=2,hydrogen_bonds=3,0.8333333333333334,0.7142857142857143,0.7692307692307692,0.625,5,7,6,0.6666666666666666,1.0,0.8,0.6666666666666666,2,2,3
1H6H,boltz,1,A:PIB:150,L:LIG:1,RDKit,35,1.5968532836486709,13,0.5736024750336216,143,1.1779582996877032,13,13,attractive_charge=3;hydrogen_bonds=4;ionic=3;salt_bridge=3,attractive_charge=3;hydrogen_bonds=4;ionic=3;salt_bridge=3,1.0,0.8888888888888888,0.9411764705882353,0.8888888888888888,8,9,8,1.0,1.0,1.0,1.0,13,13,13
1H6H,vina_top1,1,A:PIB:150,L:UNL:1,RDKit,35,9.980761347999174,13,7.198137520861266,NA,NA,13,9,attractive_charge=3;hydrogen_bonds=4;ionic=3;salt_bridge=3,attractive_charge=2;hydrogen_bonds=3;ionic=2;salt_bridge=2,1.0,0.7777777777777778,0.8750000000000001,0.7777777777777778,7,9,7,0.8888888888888888,0.6153846153846154,0.7272727272727274,0.5714285714285714,8,13,9
1HMR,boltz,1,A:ELA:133,L:LIG:1,RDKit,20,1.051079224152562,3,1.7861667774934553,131,0.20471621951584074,2,2,hydrogen_bonds=2,hydrogen_bonds=2,1.0,1.0,1.0,1.0,8,8,8,1.0,1.0,1.0,1.0,2,2,2
1HMR,vina_top1,1,A:ELA:133,L:UNL:1,RDKit,20,2.4455141586177738,3,2.9838827054695027,NA,NA,2,1,hydrogen_bonds=2,hydrogen_bonds=1,0.8,0.5,0.6153846153846154,0.4444444444444444,4,8,5,1.0,0.5,0.6666666666666666,0.5,1,2,1
1HMS,boltz,1,A:OLA:133,L:LIG:1,RDKit,20,1.1068659510588446,3,1.8076925093875114,131,0.21745717477506438,2,2,hydrogen_bonds=2,hydrogen_bonds=2,1.0,1.0,1.0,1.0,8,8,8,1.0,1.0,1.0,1.0,2,2,2
1HMS,vina_top1,1,A:OLA:133,L:UNL:1,RDKit,20,5.202583151666103,3,6.626903902527436,NA,NA,2,2,hydrogen_bonds=2,hydrogen_bonds=2,0.2857142857142857,0.25,0.26666666666666666,0.15384615384615385,2,8,7,0.0,0.0,0.0,0.0,0,2,2
1HMT,boltz,1,A:STE:133,L:LIG:1,RDKit,20,0.8994715377818155,3,1.7716546040810388,131,0.18493331688732023,2,2,hydrogen_bonds=2,hydrogen_bonds=2,1.0,0.875,0.9333333333333333,0.875,7,8,7,1.0,1.0,1.0,1.0,2,2,2
1HMT,vina_top1,1,A:STE:133,L:UNL:1,RDKit,20,5.4265458120244405,3,6.5037100437622,NA,NA,2,3,hydrogen_bonds=2,hydrogen_bonds=3,0.16666666666666666,0.125,0.14285714285714288,0.07692307692307693,1,8,6,0.0,0.0,0.0,0.0,0,2,3
1ICM,boltz,1,A:MYR:133,L:LIG:1,RDKit,16,3.016786260385538,3,2.9913403581565743,131,0.49790250677530545,2,2,hydrogen_bonds=2,hydrogen_bonds=2,0.42857142857142855,0.42857142857142855,0.42857142857142855,0.2727272727272727,3,7,7,0.5,0.5,0.5,0.3333333333333333,1,2,2
1ICM,vina_top1,1,A:MYR:133,L:UNL:1,RDKit,16,2.8604745563455025,3,1.006939422209698,NA,NA,2,1,hydrogen_bonds=2,hydrogen_bonds=1,0.75,0.8571428571428571,0.7999999999999999,0.6666666666666666,6,7,8,1.0,0.5,0.6666666666666666,0.5,1,2,1
1IKT,boltz,1,A:OXN:123,L:LIG:1,RDKit_partial_pred,25,0.5703602291429528,4,0.7315221388127122,115,0.3088841385372195,2,0,hydrogen_bonds=2,none=0,0.9090909090909091,0.9090909090909091,0.9090909090909091,0.8333333333333334,10,11,11,0.0,0.0,0.0,0.0,0,2,0
1IKT,vina_top1,1,A:OXN:123,A:OXN:123,RDKit,25,2.7931704781484425,4,1.5665433284783405,NA,NA,2,2,hydrogen_bonds=2,hydrogen_bonds=2,0.9166666666666666,1.0,0.9565217391304348,0.9166666666666666,11,11,12,0.5,0.5,0.5,0.3333333333333333,1,2,2
1LID,boltz,1,A:OLA:132,L:LIG:1,RDKit,20,3.841640331864325,3,1.7588855857770018,131,0.3892567059887058,2,2,hydrogen_bonds=2,hydrogen_bonds=2,1.0,1.0,1.0,1.0,5,5,5,1.0,1.0,1.0,1.0,2,2,2
1LID,vina_top1,1,A:OLA:132,L:UNL:1,RDKit,20,5.6695737670481,3,2.679629451995181,NA,NA,2,3,hydrogen_bonds=2,hydrogen_bonds=3,0.6,0.6,0.6,0.42857142857142855,3,5,5,0.6666666666666666,1.0,0.8,0.6666666666666666,2,2,3
1LN1,boltz,1,A:DLP:2313,L:LIG:1,RDKit,54,1.170666655986391,7,0.44677835730872734,203,0.4383118132271375,6,6,attractive_charge=1;hydrogen_bonds=3;ionic=1;salt_bridge=1,attractive_charge=1;hydrogen_bonds=3;ionic=1;salt_bridge=1,1.0,0.7777777777777778,0.8750000000000001,0.7777777777777778,7,9,7,1.0,1.0,1.0,1.0,6,6,6
1LN1,vina_top1,1,A:DLP:2313,L:UNL:1,RDKit,54,8.270214450397011,7,7.597539047048629,NA,NA,6,4,attractive_charge=1;hydrogen_bonds=3;ionic=1;salt_bridge=1,hydrogen_bonds=4,0.0,0.0,0.0,0.0,0,9,6,0.0,0.0,0.0,0.0,0,6,4
1LRI,boltz,1,A:CLR:99,L:LIG:1,RDKit,28,0.7860861704494159,1,0.31533968278270347,98,0.37706395314925284,1,1,hydrogen_bonds=1,hydrogen_bonds=1,1.0,0.75,0.8571428571428571,0.75,3,4,3,1.0,1.0,1.0,1.0,1,1,1
1LRI,vina_top1,1,A:CLR:99,A:CLR:99,RDKit,28,1.2036789735758333,1,0.5323025455509297,NA,NA,1,1,hydrogen_bonds=1,hydrogen_bonds=1,1.0,0.75,0.8571428571428571,0.75,3,4,3,1.0,1.0,1.0,1.0,1,1,1
1LV2,boltz,1,A:PLM:328,L:LIG:1,RDKit,18,1.488859381617037,3,1.794970245193618,225,1.831820132859351,2,2,hydrogen_bonds=2,hydrogen_bonds=2,0.9,0.9,0.9,0.8181818181818182,9,10,10,1.0,1.0,1.0,1.0,2,2,2
1LV2,vina_top1,1,A:PLM:328,L:UNL:1,RDKit,18,8.627137902507927,3,13.725873839820425,NA,NA,2,2,hydrogen_bonds=2,hydrogen_bonds=2,0.0,0.0,0.0,0.0,0,10,5,0.0,0.0,0.0,0.0,0,2,2
1MZM,boltz,1,A:PLM:201,L:LIG:1,RDKit,18,1.7933660542541088,3,2.186161706996665,93,0.18485951276666196,1,1,hydrogen_bonds=1,hydrogen_bonds=1,0.5555555555555556,0.8333333333333334,0.6666666666666667,0.5,5,6,9,1.0,1.0,1.0,1.0,1,1,1
1MZM,vina_top1,1,A:PLM:201,L:UNL:1,RDKit,18,2.2204249092860078,3,2.7240715849624797,NA,NA,1,1,hydrogen_bonds=1,hydrogen_bonds=1,0.5714285714285714,0.6666666666666666,0.6153846153846153,0.4444444444444444,4,6,7,0.0,0.0,0.0,0.0,0,1,1
1N83,boltz,1,A:CLR:1000,L:LIG:1,RDKit,28,0.7524014817847517,1,0.5218637072728923,251,0.7442639803520644,0,0,none=0,none=0,0.5,0.6666666666666666,0.5714285714285715,0.4,2,3,4,NA,NA,NA,NA,0,0,0
1N83,vina_top1,1,A:CLR:1000,A:CLR:1000,RDKit,28,0.625304354466116,1,0.3594022815731699,NA,NA,0,0,none=0,none=0,1.0,0.6666666666666666,0.8,0.6666666666666666,2,3,2,NA,NA,NA,NA,0,0,0
1O8V,boltz,1,A:PLM:1136,L:LIG:1,RDKit,18,0.6739308761904842,3,0.39962301677841633,133,0.6586171315372727,3,3,hydrogen_bonds=3,hydrogen_bonds=3,0.7142857142857143,1.0,0.8333333333333333,0.7142857142857143,5,5,7,1.0,1.0,1.0,1.0,3,3,3
1O8V,vina_top1,1,A:PLM:1136,L:UNL:1,RDKit,18,6.301398059161157,3,5.377181913728913,NA,NA,3,2,hydrogen_bonds=3,hydrogen_bonds=2,0.16666666666666666,0.2,0.1818181818181818,0.1,1,5,6,0.5,0.3333333333333333,0.4,0.25,1,3,2
1P6E,boltz,1,A:PC5:601,L:LIG:1,RDKit,28,1.0860551611908813,7,1.6128717195482185,245,0.1810914352466462,1,2,hydrogen_bonds=1,hydrogen_bonds=2,0.9230769230769231,0.9230769230769231,0.9230769230769231,0.8571428571428571,12,13,13,0.5,1.0,0.6666666666666666,0.5,1,1,2
1P6E,vina_top1,1,A:PC5:601,L:UNL:1,RDKit,28,4.951821504687514,7,4.589990382809719,NA,NA,1,0,hydrogen_bonds=1,none=0,0.6363636363636364,0.5384615384615384,0.5833333333333334,0.4117647058823529,7,13,11,0.0,0.0,0.0,0.0,0,1,0
1PUB,boltz,1,A:3PH:2341,L:LIG:1,RDKit,48,1.5554030206039535,6,2.2301259031769876,162,1.1748740440815124,0,1,none=0,hydrogen_bonds=1,0.5555555555555556,1.0,0.7142857142857143,0.5555555555555556,5,5,9,NA,NA,NA,NA,0,0,1
1PUB,vina_top1,1,A:3PH:2341,L:UNL:1,RDKit,48,10.636917330301419,6,19.913692759840735,NA,NA,0,1,none=0,hydrogen_bonds=1,0.0,0.0,0.0,0.0,0,5,10,NA,NA,NA,NA,0,0,1
1PZ4,boltz,1,A:PLM:200,L:LIG:1,RDKit,18,0.7480446700116273,3,0.8572829613772263,113,1.5823075827142143,3,2,hydrogen_bonds=3,hydrogen_bonds=2,0.7142857142857143,0.8333333333333334,0.7692307692307692,0.625,5,6,7,1.0,0.6666666666666666,0.8,0.6666666666666666,2,3,2
1PZ4,vina_top1,1,A:PLM:200,L:UNL:1,RDKit,18,3.025825195068464,3,0.7091976687308933,NA,NA,3,3,hydrogen_bonds=3,hydrogen_bonds=3,1.0,1.0,1.0,1.0,6,6,6,1.0,1.0,1.0,1.0,3,3,3
1S8G,boltz,1,A:DAO:135,L:LIG:1,RDKit,14,7.465707859987366,3,7.209850944239892,121,0.6944191489274624,1,1,hydrogen_bonds=1,hydrogen_bonds=1,0.3333333333333333,0.09090909090909091,0.14285714285714288,0.07692307692307693,1,11,3,0.0,0.0,0.0,0.0,0,1,1
1S8G,vina_top1,1,A:DAO:135,L:UNL:1,RDKit,14,4.952677003399273,3,0.7778076026027688,NA,NA,1,2,hydrogen_bonds=1,hydrogen_bonds=2,1.0,0.8181818181818182,0.9,0.8181818181818182,9,11,9,0.5,1.0,0.6666666666666666,0.5,1,1,2
1T27,boltz,1,A:PCW:501,L:LIG:1,RDKit,54,1.853164063267752,7,1.0179723845077855,269,0.759365447927109,5,6,attractive_charge=1;hydrogen_bonds=2;ionic=1;salt_bridge=1,attractive_charge=1;hydrogen_bonds=3;ionic=1;salt_bridge=1,1.0,0.9,0.9473684210526316,0.9,9,10,9,0.8333333333333334,1.0,0.9090909090909091,0.8333333333333334,5,5,6
1T27,vina_top1,1,A:PCW:501,L:UNL:1,RDKit,54,13.289290461230916,7,16.06517574933878,NA,NA,5,0,attractive_charge=1;hydrogen_bonds=2;ionic=1;salt_bridge=1,none=0,0.0,0.0,0.0,0.0,0,10,11,0.0,0.0,0.0,0.0,0,5,0
1TC8,boltz,1,A:TDA:122,L:LIG:1,RDKit,15,0.4549288152347935,3,0.4681545652452006,118,0.3064074319883627,2,2,hydrogen_bonds=2,hydrogen_bonds=2,0.8888888888888888,1.0,0.9411764705882353,0.8888888888888888,8,8,9,1.0,1.0,1.0,1.0,2,2,2
1TC8,vina_top1,1,A:TDA:122,A:TDA:122,RDKit,15,5.165069060525715,3,3.606551168822277,NA,NA,2,2,hydrogen_bonds=2,hydrogen_bonds=2,0.6666666666666666,0.75,0.7058823529411765,0.5454545454545454,6,8,9,0.5,0.5,0.5,0.3333333333333333,1,2,2
2A1L,boltz,1,A:PCW:501,L:LIG:1,RDKit,54,0.9033765570949659,7,1.177155129590461,269,0.545294298638851,5,5,attractive_charge=1;hydrogen_bonds=2;ionic=1;salt_bridge=1,attractive_charge=1;hydrogen_bonds=2;ionic=1;salt_bridge=1,1.0,1.0,1.0,1.0,10,10,10,0.8,0.8,0.8000000000000002,0.6666666666666666,4,5,5
2A1L,vina_top1,1,A:PCW:501,L:UNL:1,RDKit,54,7.70422355426386,7,1.4956329763682008,NA,NA,5,6,attractive_charge=1;hydrogen_bonds=2;ionic=1;salt_bridge=1,attractive_charge=1;hydrogen_bonds=3;ionic=1;salt_bridge=1,0.8888888888888888,0.8,0.8421052631578948,0.7272727272727273,8,10,9,0.8333333333333334,1.0,0.9090909090909091,0.8333333333333334,5,5,6
2BV7,boltz,1,A:GM3:1212,L:LIG:1,RDKit_partial_pred,44,1.0276422196118935,3,0.8198783878558294,202,0.5140764861892425,1,0,hydrogen_bonds=1,none=0,1.0,0.8,0.888888888888889,0.8,4,5,4,0.0,0.0,0.0,0.0,0,1,0
2BV7,vina_top1,1,A:GM3:1212,A:GM3:1212,RDKit,44,4.975732910838363,3,2.4890133922232445,NA,NA,1,0,hydrogen_bonds=1,none=0,1.0,0.6,0.7499999999999999,0.6,3,5,3,0.0,0.0,0.0,0.0,0,1,0
2DT8,boltz,1,A:PLM:701,L:LIG:1,RDKit,18,0.639741795576704,3,0.20078966231002854,280,0.3971790385421005,3,3,hydrogen_bonds=3,hydrogen_bonds=3,1.0,0.9090909090909091,0.9523809523809523,0.9090909090909091,10,11,10,1.0,1.0,1.0,1.0,3,3,3
2DT8,vina_top1,1,A:PLM:701,L:UNL:1,RDKit,18,8.491018725688928,3,8.83468573295055,NA,NA,3,5,hydrogen_bonds=3,hydrogen_bonds=5,0.3,0.2727272727272727,0.28571428571428564,0.16666666666666666,3,11,10,0.0,0.0,0.0,0.0,0,3,5
2E3N,boltz,1,A:6CM:600,L:LIG:1,RDKit,28,3.1575222910459866,4,0.38402848201922574,231,1.1207040751366817,4,6,hydrogen_bonds=4,hydrogen_bonds=6,1.0,0.9230769230769231,0.9600000000000001,0.9230769230769231,12,13,12,0.6666666666666666,1.0,0.8,0.6666666666666666,4,4,6
2E3N,vina_top1,1,A:6CM:600,A:6CM:600,RDKit,28,3.643317272761185,4,1.412535574773251,NA,NA,4,5,hydrogen_bonds=4,hydrogen_bonds=5,1.0,0.8461538461538461,0.9166666666666666,0.8461538461538461,11,13,11,0.6,0.75,0.6666666666666665,0.5,3,4,5
2FTB,boltz,1,A:OLA:130,L:LIG:1,RDKit,20,8.975848604023138,3,13.587555299729619,125,1.0673712840684102,0,1,none=0,hydrogen_bonds=1,0.0,0.0,0.0,0.0,0,6,5,NA,NA,NA,NA,0,0,1
2FTB,vina_top1,1,A:OLA:130,L:UNL:1,RDKit,20,8.831033345537769,3,12.0476017253781,NA,NA,0,2,none=0,hydrogen_bonds=2,0.0,0.0,0.0,0.0,0,6,5,NA,NA,NA,NA,0,0,2
2HMB,boltz,1,A:PLM:133,L:LIG:1,RDKit,18,1.1217501343612346,3,1.8132129287893706,131,0.4806437348090758,2,2,hydrogen_bonds=2,hydrogen_bonds=2,0.8571428571428571,1.0,0.923076923076923,0.8571428571428571,6,6,7,1.0,1.0,1.0,1.0,2,2,2
2HMB,vina_top1,1,A:PLM:133,L:UNL:1,RDKit,18,4.04026842480106,3,8.243421599473528,NA,NA,2,3,hydrogen_bonds=2,hydrogen_bonds=3,0.0,0.0,0.0,0.0,0,6,8,0.0,0.0,0.0,0.0,0,2,3
2IFB,boltz,1,A:PLM:133,L:LIG:1,RDKit,18,1.7534572898274188,3,1.880545042477417,131,0.5307702346001609,1,1,hydrogen_bonds=1,hydrogen_bonds=1,0.6666666666666666,0.6666666666666666,0.6666666666666666,0.5,4,6,6,1.0,1.0,1.0,1.0,1,1,1
2IFB,vina_top1,1,A:PLM:133,L:UNL:1,RDKit,18,5.1898010130982435,3,1.0757453230202756,NA,NA,1,2,hydrogen_bonds=1,hydrogen_bonds=2,0.7142857142857143,0.8333333333333334,0.7692307692307692,0.625,5,6,7,0.5,1.0,0.6666666666666666,0.5,1,1,2
2OVD,boltz,1,A:DAO:190,L:LIG:1,RDKit,14,0.7949613678475371,3,1.380688049607614,162,1.2786033939703378,1,0,hydrogen_bonds=1,none=0,0.75,0.75,0.75,0.6,3,4,4,0.0,0.0,0.0,0.0,0,1,0
2OVD,vina_top1,1,A:DAO:190,L:UNL:1,RDKit,14,4.2362565600842865,3,5.38659939108154,NA,NA,1,3,hydrogen_bonds=1,hydrogen_bonds=3,0.16666666666666666,0.25,0.2,0.1111111111111111,1,4,6,0.0,0.0,0.0,0.0,0,1,3
2WC5,boltz,1,A:BOM:1143,L:LIG:1,RDKit,17,1.4689802548074238,1,1.6117975389562464,141,0.649448388382392,2,3,hydrogen_bonds=2,hydrogen_bonds=3,0.875,1.0,0.9333333333333333,0.875,7,7,8,0.6666666666666666,1.0,0.8,0.6666666666666666,2,2,3
2WC5,vina_top1,1,A:BOM:1143,A:BOM:1143,RDKit,17,7.199003186716404,1,11.501669617929391,NA,NA,2,1,hydrogen_bonds=2,hydrogen_bonds=1,0.0,0.0,0.0,0.0,0,7,5,0.0,0.0,0.0,0.0,0,2,1
2WEW,boltz,1,A:MYR:1188,L:LIG:1,RDKit,16,1.7918359789386682,3,2.4133063068074048,170,3.499278748151518,2,1,hydrogen_bonds=2,hydrogen_bonds=1,0.75,1.0,0.8571428571428571,0.75,6,6,8,0.0,0.0,0.0,0.0,0,2,1
2WEW,vina_top1,1,A:MYR:1188,L:UNL:1,RDKit,16,2.8265424660705167,3,3.4500725113152813,NA,NA,2,3,hydrogen_bonds=2,hydrogen_bonds=3,0.5,0.6666666666666666,0.5714285714285715,0.4,4,6,8,0.3333333333333333,0.5,0.4,0.25,1,2,3
2WEX,boltz,1,A:GYM:1186,L:LIG:1,RDKit,21,1.4170790994638904,3,1.032113292437621,159,1.672990760411717,1,2,hydrogen_bonds=1,hydrogen_bonds=2,0.875,0.875,0.875,0.7777777777777778,7,8,8,0.5,1.0,0.6666666666666666,0.5,1,1,2
2WEX,vina_top1,1,A:GYM:1186,A:GYM:1186,RDKit,21,2.981686778925487,3,2.897508757536377,NA,NA,1,2,hydrogen_bonds=1,hydrogen_bonds=2,0.625,0.625,0.625,0.45454545454545453,5,8,8,0.0,0.0,0.0,0.0,0,1,2
2WR6,boltz,1,A:ODT:1176,L:LIG:1,RDKit,20,5.1680939616663535,3,8.204919322053772,174,0.7194510987131892,3,0,hydrogen_bonds=3,none=0,0.14285714285714285,0.125,0.13333333333333333,0.07142857142857142,1,8,7,0.0,0.0,0.0,0.0,0,3,0
2WR6,vina_top1,1,A:ODT:1176,L:UNL:1,RDKit,20,2.9521905087578615,3,1.928220077342487,NA,NA,3,4,hydrogen_bonds=3,hydrogen_bonds=4,0.7777777777777778,0.875,0.823529411764706,0.7,7,8,9,0.75,1.0,0.8571428571428571,0.75,3,3,4
2WUT,boltz,1,A:PLM:1134,L:LIG:1,RDKit,18,1.117961388314855,3,0.6821505185053377,133,0.21491957602515338,3,3,hydrogen_bonds=3,hydrogen_bonds=3,1.0,1.0,1.0,1.0,7,7,7,1.0,1.0,1.0,1.0,3,3,3
2WUT,vina_top1,1,A:PLM:1134,L:UNL:1,RDKit,18,3.340615021552502,3,7.408659010464265,NA,NA,3,3,hydrogen_bonds=3,hydrogen_bonds=3,0.1111111111111111,0.14285714285714285,0.125,0.06666666666666667,1,7,9,0.0,0.0,0.0,0.0,0,3,3
2Z9Y,boltz,1,A:DDR:1,L:LIG:1,RDKit,28,2.175768550812051,6,2.0127178512784063,230,0.7351213082055601,1,4,hydrogen_bonds=1,hydrogen_bonds=4,0.8333333333333334,0.9090909090909091,0.8695652173913043,0.7692307692307693,10,11,12,0.25,1.0,0.4,0.25,1,1,4
2Z9Y,vina_top1,1,A:DDR:1,A:DDR:1,RDKit,28,1.39669757182536,6,0.8325462950090724,NA,NA,1,4,hydrogen_bonds=1,hydrogen_bonds=4,0.9166666666666666,1.0,0.9565217391304348,0.9166666666666666,11,11,12,0.25,1.0,0.4,0.25,1,1,4
2Z9Z,boltz,1,A:DDR:1,L:LIG:1,RDKit,28,4.749817940262338,6,4.103604185392516,235,0.8117167630084059,3,3,hydrogen_bonds=3,hydrogen_bonds=3,0.9090909090909091,0.7692307692307693,0.8333333333333333,0.7142857142857143,10,13,11,0.6666666666666666,0.6666666666666666,0.6666666666666666,0.5,2,3,3
2Z9Z,vina_top1,1,A:DDR:1,A:DDR:1,RDKit,28,4.417955563056612,6,3.1448057703669607,NA,NA,3,2,hydrogen_bonds=3,hydrogen_bonds=2,1.0,0.8461538461538461,0.9166666666666666,0.8461538461538461,11,13,11,1.0,0.6666666666666666,0.8,0.6666666666666666,2,3,2
3AKN,boltz,1,A:11D:132,L:LIG:1,RDKit,30,0.8093884390568966,6,0.751826902329065,130,0.27156874220117827,0,0,none=0,none=0,1.0,1.0,1.0,1.0,7,7,7,NA,NA,NA,NA,0,0,0
3AKN,vina_top1,1,A:11D:132,L:UNL:1,RDKit,30,1.5282805588852681,6,1.6774433423119444,NA,NA,0,0,none=0,none=0,0.875,1.0,0.9333333333333333,0.875,7,7,8,NA,NA,NA,NA,0,0,0
3BFH,boltz,1,A:PLM:121,L:LIG:1,RDKit,18,8.258866726522621,3,12.567248553826895,116,0.5935655964558904,0,1,none=0,hydrogen_bonds=1,0.0,0.0,0.0,0.0,0,4,5,NA,NA,NA,NA,0,0,1
3BFH,vina_top1,1,A:PLM:121,L:UNL:1,RDKit,18,8.31325499829439,3,9.946716359348613,NA,NA,0,1,none=0,hydrogen_bonds=1,0.0,0.0,0.0,0.0,0,4,5,NA,NA,NA,NA,0,0,1
3BKR,boltz,1,A:PLM:300,L:LIG:1,RDKit,18,1.4578356269942399,3,2.4336712554495588,119,0.861821903703633,3,2,hydrogen_bonds=3,hydrogen_bonds=2,0.8333333333333334,0.8333333333333334,0.8333333333333334,0.7142857142857143,5,6,6,1.0,0.6666666666666666,0.8,0.6666666666666666,2,3,2
3BKR,vina_top1,1,A:PLM:300,L:UNL:1,RDKit,18,4.073642971046377,3,7.361083049841692,NA,NA,3,1,hydrogen_bonds=3,hydrogen_bonds=1,0.3333333333333333,0.3333333333333333,0.3333333333333333,0.2,2,6,6,0.0,0.0,0.0,0.0,0,3,1
3BKS,boltz,1,A:PLM:400,L:LIG:1,RDKit,18,1.6833026551966623,3,2.430072240690329,119,0.7854826644357228,3,2,hydrogen_bonds=3,hydrogen_bonds=2,0.7142857142857143,1.0,0.8333333333333333,0.7142857142857143,5,5,7,1.0,0.6666666666666666,0.8,0.6666666666666666,2,3,2
3BKS,vina_top1,1,A:PLM:400,L:UNL:1,RDKit,18,9.079963901054036,3,15.909725568552924,NA,NA,3,1,hydrogen_bonds=3,hydrogen_bonds=1,0.0,0.0,0.0,0.0,0,5,7,0.0,0.0,0.0,0.0,0,3,1
3FYS,boltz,1,A:PLM:501,L:LIG:1,RDKit,18,0.579201381341082,3,0.33248661326077483,282,1.9730615446536022,2,3,hydrogen_bonds=2,hydrogen_bonds=3,1.0,1.0,1.0,1.0,10,10,10,0.6666666666666666,1.0,0.8,0.6666666666666666,2,2,3
3FYS,vina_top1,1,A:PLM:501,L:UNL:1,RDKit,18,0.8035549486846282,3,0.5362657923082554,NA,NA,2,4,hydrogen_bonds=2,hydrogen_bonds=4,1.0,1.0,1.0,1.0,10,10,10,0.5,1.0,0.6666666666666666,0.5,2,2,4
3GPE,boltz,1,A:PT5:600,L:LIG:1,RDKit_partial_pred,24,5.275851824196438,18,5.642190812682738,137,0.39138294412761504,14,15,attractive_charge=3;hydrogen_bonds=5;ionic=3;salt_bridge=3,attractive_charge=3;hydrogen_bonds=6;ionic=3;salt_bridge=3,0.6363636363636364,0.875,0.7368421052631579,0.5833333333333334,7,8,11,0.8666666666666667,0.9285714285714286,0.896551724137931,0.8125,13,14,15
3GPE,vina_top1,1,A:PT5:600,L:UNL:1,RDKit,24,5.324684634636434,18,5.586718451430639,NA,NA,14,4,attractive_charge=3;hydrogen_bonds=5;ionic=3;salt_bridge=3,attractive_charge=1;hydrogen_bonds=1;ionic=1;salt_bridge=1,1.0,0.5,0.6666666666666666,0.5,4,8,4,1.0,0.2857142857142857,0.4444444444444445,0.2857142857142857,4,14,4
3KYQ,boltz,1,A:DPV:201,L:LIG:1,RDKit,23,0.9603929834259172,7,0.9491235764318043,193,0.42642666616610303,1,1,hydrogen_bonds=1,hydrogen_bonds=1,0.8,1.0,0.888888888888889,0.8,4,4,5,1.0,1.0,1.0,1.0,1,1,1
3KYQ,vina_top1,1,A:DPV:201,L:UNL:1,RDKit,23,8.482556943772781,7,9.42580244405142,NA,NA,1,3,hydrogen_bonds=1,hydrogen_bonds=3,0.0,0.0,0.0,0.0,0,4,7,0.0,0.0,0.0,0.0,0,1,3
3LUP,boltz,1,A:ELA:301,L:LIG:1,RDKit,20,0.5070458131084425,3,0.39726139367129426,283,0.5236729461002926,2,2,hydrogen_bonds=2,hydrogen_bonds=2,1.0,0.8,0.888888888888889,0.8,4,5,4,1.0,1.0,1.0,1.0,2,2,2
3LUP,vina_top1,1,A:ELA:301,L:UNL:1,RDKit,20,2.0287662876733727,3,3.1409916693086997,NA,NA,2,4,hydrogen_bonds=2,hydrogen_bonds=4,0.7142857142857143,1.0,0.8333333333333333,0.7142857142857143,5,5,7,0.5,1.0,0.6666666666666666,0.5,2,2,4
3PEG,boltz,1,A:PEV:500,L:LIG:1,RDKit,47,5.208745470198076,7,2.984818221448942,244,2.798771442101629,1,4,hydrogen_bonds=1,attractive_charge=1;hydrogen_bonds=1;ionic=1;salt_bridge=1,0.8,1.0,0.888888888888889,0.8,4,4,5,0.0,0.0,0.0,0.0,0,1,4
3PEG,vina_top1,1,A:PEV:500,L:UNL:1,RDKit,47,8.375792046383156,7,7.442512939669158,NA,NA,1,6,hydrogen_bonds=1,attractive_charge=1;hydrogen_bonds=3;ionic=1;salt_bridge=1,0.375,0.75,0.5,0.3333333333333333,3,4,8,0.0,0.0,0.0,0.0,0,1,6
3PL5,boltz,1,A:PLM:702,L:LIG:1,RDKit,18,1.2060723154354198,3,1.9035227246676525,277,1.9403214799878619,3,2,hydrogen_bonds=3,hydrogen_bonds=2,1.0,0.9,0.9473684210526316,0.9,9,10,9,0.5,0.3333333333333333,0.4,0.25,1,3,2
3PL5,vina_top1,1,A:PLM:702,L:UNL:1,RDKit,18,1.7426822876117023,3,2.711783054252927,NA,NA,3,3,hydrogen_bonds=3,hydrogen_bonds=3,0.6666666666666666,0.6,0.631578947368421,0.46153846153846156,6,10,9,0.3333333333333333,0.3333333333333333,0.3333333333333333,0.2,1,3,3
3PPT,boltz,1,A:PAM:500,L:LIG:1,RDKit,18,0.8098508206049967,3,0.5189483934834102,133,0.6963063855556165,3,3,hydrogen_bonds=3,hydrogen_bonds=3,1.0,0.75,0.8571428571428571,0.75,6,8,6,1.0,1.0,1.0,1.0,3,3,3
3PPT,vina_top1,1,A:PAM:500,L:UNL:1,RDKit,18,4.875393431417727,3,1.245849375593481,NA,NA,3,3,hydrogen_bonds=3,hydrogen_bonds=3,0.75,0.75,0.75,0.6,6,8,8,1.0,1.0,1.0,1.0,3,3,3
3S0K,boltz,1,A:03F:210,L:LIG:1,RDKit,51,0.5703260003122587,3,0.4019466716289017,203,0.6153098997669761,0,0,none=0,none=0,1.0,1.0,1.0,1.0,4,4,4,NA,NA,NA,NA,0,0,0
3S0K,vina_top1,1,A:03F:210,A:03F:210,RDKit,51,12.051789568521412,3,13.129868671595057,NA,NA,0,2,none=0,hydrogen_bonds=2,0.0,0.0,0.0,0.0,0,4,7,NA,NA,NA,NA,0,0,2
3STM,boltz,1,X:PLM:130,L:LIG:1,RDKit,18,2.9384367920680767,3,1.8777614207343454,127,0.8469260668935853,2,2,hydrogen_bonds=2,hydrogen_bonds=2,1.0,1.0,1.0,1.0,5,5,5,1.0,1.0,1.0,1.0,2,2,2
3STM,vina_top1,1,X:PLM:130,L:UNL:1,RDKit,18,3.426712337568539,3,1.8026277116106546,NA,NA,2,3,hydrogen_bonds=2,hydrogen_bonds=3,0.8333333333333334,1.0,0.9090909090909091,0.8333333333333334,5,5,6,0.6666666666666666,1.0,0.8,0.6666666666666666,2,2,3
3W9K,boltz,1,A:MYR:201,L:LIG:1,RDKit,16,9.02369646939272,3,15.092819248274154,135,0.9316950657249558,0,1,none=0,hydrogen_bonds=1,0.0,0.0,0.0,0.0,0,4,10,NA,NA,NA,NA,0,0,1
3W9K,vina_top1,1,A:MYR:201,L:UNL:1,RDKit,16,2.223334011119337,3,3.070914250403832,NA,NA,0,2,none=0,hydrogen_bonds=2,0.6666666666666666,1.0,0.8,0.6666666666666666,4,4,6,NA,NA,NA,NA,0,0,2
3WEB,boltz,1,A:OLA:201,L:LIG:1,RDKit,20,1.9485365218831876,3,2.3897889119290174,132,0.804528907066005,2,0,hydrogen_bonds=2,none=0,0.6666666666666666,0.8,0.7272727272727272,0.5714285714285714,4,5,6,0.0,0.0,0.0,0.0,0,2,0
3WEB,vina_top1,1,A:OLA:201,L:UNL:1,RDKit,20,2.976705066008388,3,2.6485563363211044,NA,NA,2,3,hydrogen_bonds=2,hydrogen_bonds=3,0.625,1.0,0.7692307692307693,0.625,5,5,8,0.6666666666666666,1.0,0.8,0.6666666666666666,2,2,3
4AZP,boltz,1,A:A9M:1136,L:LIG:1,RDKit,25,2.238093235687007,3,2.9491867493543196,134,0.432032252779035,1,3,hydrogen_bonds=1,hydrogen_bonds=3,0.875,0.7777777777777778,0.823529411764706,0.7,7,9,8,0.3333333333333333,1.0,0.5,0.3333333333333333,1,1,3
4AZP,vina_top1,1,A:A9M:1136,A:A9M:1136,RDKit,25,4.78363968960874,3,5.247512140687877,NA,NA,1,4,hydrogen_bonds=1,hydrogen_bonds=4,0.3,0.3333333333333333,0.3157894736842105,0.1875,3,9,10,0.0,0.0,0.0,0.0,0,1,4
4DOL,boltz,1,A:PLM:301,L:LIG:1,RDKit,18,8.300962037462883,3,0.6232411410731652,207,1.1980947880537625,2,2,hydrogen_bonds=2,hydrogen_bonds=2,0.5714285714285714,0.8,0.6666666666666666,0.5,4,5,7,1.0,1.0,1.0,1.0,2,2,2
4DOL,vina_top1,1,A:PLM:301,L:UNL:1,RDKit,18,5.756794386732178,3,4.444256668255485,NA,NA,2,1,hydrogen_bonds=2,hydrogen_bonds=1,0.42857142857142855,0.6,0.5,0.3333333333333333,3,5,7,1.0,0.5,0.6666666666666666,0.5,1,2,1
4INQ,boltz,1,A:PIF:1001,L:LIG:1,RDKit,43,1.1096818022489074,13,1.2001389010648735,372,0.8179764712898338,22,26,attractive_charge=5;hydrogen_bonds=7;ionic=5;salt_bridge=5,attractive_charge=6;hydrogen_bonds=8;ionic=6;salt_bridge=6,0.875,1.0,0.9333333333333333,0.875,14,14,16,0.7692307692307693,0.9090909090909091,0.8333333333333333,0.7142857142857143,20,22,26
4INQ,vina_top1,1,A:PIF:1001,L:UNL:1,RDKit,43,3.9284903278249206,13,1.1592746737640607,NA,NA,22,19,attractive_charge=5;hydrogen_bonds=7;ionic=5;salt_bridge=5,attractive_charge=4;hydrogen_bonds=7;ionic=4;salt_bridge=4,0.875,1.0,0.9333333333333333,0.875,14,14,16,1.0,0.8636363636363636,0.9268292682926829,0.8636363636363636,19,22,19
4K80,boltz,1,A:1PW:301,L:LIG:1,RDKit,28,1.0833923783748725,6,1.6099416016442192,209,0.9868906583298149,11,16,attractive_charge=3;hydrogen_bonds=2;ionic=3;salt_bridge=3,attractive_charge=4;hydrogen_bonds=4;ionic=4;salt_bridge=4,0.8333333333333334,0.8333333333333334,0.8333333333333334,0.7142857142857143,5,6,6,0.6875,1.0,0.8148148148148148,0.6875,11,11,16
4K80,vina_top1,1,A:1PW:301,L:UNL:1,RDKit,28,3.2456935919549066,6,4.389153904797598,NA,NA,11,11,attractive_charge=3;hydrogen_bonds=2;ionic=3;salt_bridge=3,attractive_charge=3;hydrogen_bonds=2;ionic=3;salt_bridge=3,0.3333333333333333,0.3333333333333333,0.3333333333333333,0.2,2,6,6,0.5454545454545454,0.5454545454545454,0.5454545454545454,0.375,6,11,11
4NS0,boltz,1,A:PIO:601,L:LIG:1,RDKit_partial_pred,34,2.8238901305395245,19,2.978560956804441,128,1.2803327412028944,15,17,attractive_charge=3;hydrogen_bonds=6;ionic=3;salt_bridge=3,attractive_charge=4;hydrogen_bonds=5;ionic=4;salt_bridge=4,0.75,0.75,0.75,0.6,6,8,8,0.7058823529411765,0.8,0.7500000000000001,0.6,12,15,17
4NS0,vina_top1,1,A:PIO:601,L:UNL:1,RDKit,34,6.071313863523428,19,5.736856240687558,NA,NA,15,9,attractive_charge=3;hydrogen_bonds=6;ionic=3;salt_bridge=3,attractive_charge=2;hydrogen_bonds=3;ionic=2;salt_bridge=2,0.8888888888888888,1.0,0.9411764705882353,0.8888888888888888,8,8,9,0.7777777777777778,0.4666666666666667,0.5833333333333334,0.4117647058823529,7,15,9
4QA8,boltz,1,A:PJZ:301,L:LIG:1,RDKit,34,0.5281016945707903,6,0.5404277686540434,210,0.40728882746572254,0,0,none=0,none=0,1.0,1.0,1.0,1.0,5,5,5,NA,NA,NA,NA,0,0,0
4QA8,vina_top1,1,A:PJZ:301,A:PJZ:301,RDKit,34,5.767509330928988,6,5.2375578119323265,NA,NA,0,1,none=0,hydrogen_bonds=1,0.625,1.0,0.7692307692307693,0.625,5,5,8,NA,NA,NA,NA,0,0,1
4TW3,boltz,1,A:STE:303,L:LIG:1,RDKit,20,1.029078053528233,3,1.6913800686045262,222,0.24562714618913298,5,3,hydrogen_bonds=5,hydrogen_bonds=3,1.0,0.8333333333333334,0.9090909090909091,0.8333333333333334,10,12,10,1.0,0.6,0.7499999999999999,0.6,3,5,3
4TW3,vina_top1,1,A:STE:303,L:UNL:1,RDKit,20,8.166895897463123,3,11.594453199698552,NA,NA,5,4,hydrogen_bonds=5,hydrogen_bonds=4,0.1111111111111111,0.08333333333333333,0.09523809523809525,0.05,1,12,9,0.0,0.0,0.0,0.0,0,5,4
4WBK,boltz,1,A:STE:200,L:LIG:1,RDKit,20,0.49715974468258933,3,0.12747273288828523,133,0.3232576671059218,2,2,hydrogen_bonds=2,hydrogen_bonds=2,0.875,1.0,0.9333333333333333,0.875,7,7,8,1.0,1.0,1.0,1.0,2,2,2
4WBK,vina_top1,1,A:STE:200,L:UNL:1,RDKit,20,4.316245231679961,3,7.767361199274822,NA,NA,2,3,hydrogen_bonds=2,hydrogen_bonds=3,0.0,0.0,0.0,0.0,0,7,9,0.0,0.0,0.0,0.0,0,2,3
4X9X,boltz,1,A:OLA:301,L:LIG:1,RDKit,20,1.060404793839506,3,1.901829742117904,268,3.0699876601055007,4,2,hydrogen_bonds=4,hydrogen_bonds=2,1.0,0.9,0.9473684210526316,0.9,9,10,9,1.0,0.5,0.6666666666666666,0.5,2,4,2
4X9X,vina_top1,1,A:OLA:301,L:UNL:1,RDKit,20,1.943406583811015,3,3.1733516456054276,NA,NA,4,3,hydrogen_bonds=4,hydrogen_bonds=3,0.75,0.6,0.6666666666666665,0.5,6,10,8,0.6666666666666666,0.5,0.5714285714285715,0.4,2,4,3
5BVT,boltz,1,A:PAM:201,L:LIG:1,RDKit,18,1.8636291533421965,3,2.4386911214020013,134,0.41887163450054493,0,3,none=0,hydrogen_bonds=3,1.0,0.75,0.8571428571428571,0.75,6,8,6,NA,NA,NA,NA,0,0,3
5BVT,vina_top1,1,A:PAM:201,L:UNL:1,RDKit,18,2.4811973811940975,3,5.41102846046849,NA,NA,0,3,none=0,hydrogen_bonds=3,0.25,0.25,0.25,0.14285714285714285,2,8,8,NA,NA,NA,NA,0,0,3
5NU6,boltz,1,A:PLM:201,L:LIG:1,RDKit,18,1.5227640018790682,3,2.0400855291740037,174,0.5481710785936165,3,3,hydrogen_bonds=3,hydrogen_bonds=3,0.7,0.875,0.7777777777777777,0.6363636363636364,7,8,10,0.6666666666666666,0.6666666666666666,0.6666666666666666,0.5,2,3,3
5NU6,vina_top1,1,A:PLM:201,L:UNL:1,RDKit,18,2.1514648239952447,3,1.9711562596608112,NA,NA,3,4,hydrogen_bonds=3,hydrogen_bonds=4,0.6666666666666666,0.75,0.7058823529411765,0.5454545454545454,6,8,9,0.75,1.0,0.8571428571428571,0.75,3,3,4
5NUA,boltz,1,A:DAO:201,L:LIG:1,RDKit,14,1.501980664378387,3,1.7358695533872022,174,0.6121210888393194,3,1,hydrogen_bonds=3,hydrogen_bonds=1,0.625,0.625,0.625,0.45454545454545453,5,8,8,1.0,0.3333333333333333,0.5,0.3333333333333333,1,3,1
5NUA,vina_top1,1,A:DAO:201,L:UNL:1,RDKit,14,1.842532515704559,3,1.7255042741181486,NA,NA,3,4,hydrogen_bonds=3,hydrogen_bonds=4,0.7777777777777778,0.875,0.823529411764706,0.7,7,8,9,0.75,1.0,0.8571428571428571,0.75,3,3,4
5UWZ,boltz,1,A:STE:303,L:LIG:1,RDKit,20,1.3384137756218804,3,1.488758644980824,219,0.965191804231826,2,4,hydrogen_bonds=2,hydrogen_bonds=4,0.9,0.9,0.9,0.8181818181818182,9,10,10,0.5,1.0,0.6666666666666666,0.5,2,2,4
5UWZ,vina_top1,1,A:STE:303,L:UNL:1,RDKit,20,8.149079153499493,3,12.714882579088176,NA,NA,2,2,hydrogen_bonds=2,hydrogen_bonds=2,0.0,0.0,0.0,0.0,0,10,7,0.0,0.0,0.0,0.0,0,2,2
6C74,boltz,1,A:PC:201,L:LIG:1,RDKit,11,0.27434110053910055,6,0.17432049369340546,111,0.278800488188076,6,6,attractive_charge=1;hydrogen_bonds=3;ionic=1;salt_bridge=1,attractive_charge=1;hydrogen_bonds=3;ionic=1;salt_bridge=1,0.8333333333333334,0.8333333333333334,0.8333333333333334,0.7142857142857143,5,6,6,1.0,1.0,1.0,1.0,6,6,6
6C74,vina_top1,1,A:PC:201,L:UNL:1,RDKit,11,4.317752456165971,6,3.8375901509497687,NA,NA,6,6,attractive_charge=1;hydrogen_bonds=3;ionic=1;salt_bridge=1,attractive_charge=1;hydrogen_bonds=3;ionic=1;salt_bridge=1,0.375,0.5,0.42857142857142855,0.2727272727272727,3,6,8,0.6666666666666666,0.6666666666666666,0.6666666666666666,0.5,4,6,6
6DGG,boltz,1,A:DAO:301,L:LIG:1,RDKit,14,0.46195080502120056,3,0.21442042122843905,103,0.9941836949448487,4,4,hydrogen_bonds=4,hydrogen_bonds=4,0.875,1.0,0.9333333333333333,0.875,7,7,8,1.0,1.0,1.0,1.0,4,4,4
6DGG,vina_top1,1,A:DAO:301,L:UNL:1,RDKit,14,2.944551809213561,3,4.150407208937455,NA,NA,4,2,hydrogen_bonds=4,hydrogen_bonds=2,0.4,0.5714285714285714,0.47058823529411764,0.3076923076923077,4,7,10,0.5,0.25,0.3333333333333333,0.2,1,4,2
6DKE,boltz,1,A:PLM:401,L:LIG:1,RDKit,18,1.1176064336786034,3,1.868155979216074,283,0.8708043846432842,3,2,hydrogen_bonds=3,hydrogen_bonds=2,1.0,0.875,0.9333333333333333,0.875,7,8,7,1.0,0.6666666666666666,0.8,0.6666666666666666,2,3,2
6DKE,vina_top1,1,A:PLM:401,L:UNL:1,RDKit,18,1.5104141264346453,3,2.2122053852810923,NA,NA,3,3,hydrogen_bonds=3,hydrogen_bonds=3,0.7,0.875,0.7777777777777777,0.6363636363636364,7,8,10,1.0,1.0,1.0,1.0,3,3,3
6E5F,boltz,1,A:L6T:301,L:LIG:1,RDKit,35,0.6704162316444894,5,0.39867029235449153,173,0.5563760699866198,0,1,none=0,hydrogen_bonds=1,1.0,1.0,1.0,1.0,6,6,6,NA,NA,NA,NA,0,0,1
6E5F,vina_top1,1,A:L6T:301,A:L6T:301,RDKit,35,6.065687883008583,5,5.980383715986794,NA,NA,0,0,none=0,none=0,0.75,0.5,0.6,0.42857142857142855,3,6,4,NA,NA,NA,NA,0,0,0
6EW2,boltz,1,A:PLM:201,L:LIG:1,RDKit,18,1.027394342720526,3,1.6887963233952012,133,0.3520466411752199,3,3,hydrogen_bonds=3,hydrogen_bonds=3,0.8571428571428571,1.0,0.923076923076923,0.8571428571428571,6,6,7,1.0,1.0,1.0,1.0,3,3,3
6EW2,vina_top1,1,A:PLM:201,L:UNL:1,RDKit,18,1.7294346378706156,3,0.9903665987905674,NA,NA,3,3,hydrogen_bonds=3,hydrogen_bonds=3,1.0,0.8333333333333334,0.9090909090909091,0.8333333333333334,5,6,5,1.0,1.0,1.0,1.0,3,3,3
6EW4,boltz,1,A:PLM:201,L:LIG:1,RDKit,18,1.0877199048321566,3,1.740282514930645,133,0.32802605552801845,3,3,hydrogen_bonds=3,hydrogen_bonds=3,0.8571428571428571,0.8571428571428571,0.8571428571428571,0.75,6,7,7,1.0,1.0,1.0,1.0,3,3,3
6EW4,vina_top1,1,A:PLM:201,L:UNL:1,RDKit,18,3.39244326899262,3,7.531699940916393,NA,NA,3,3,hydrogen_bonds=3,hydrogen_bonds=3,0.1,0.14285714285714285,0.11764705882352941,0.0625,1,7,10,0.0,0.0,0.0,0.0,0,3,3
6GE7,boltz,1,A:EW8:201,L:LIG:1,RDKit,21,1.251921478406948,3,1.2727153453243953,162,0.563050933681853,1,0,hydrogen_bonds=1,none=0,1.0,1.0,1.0,1.0,3,3,3,0.0,0.0,0.0,0.0,0,1,0
6GE7,vina_top1,1,A:EW8:201,L:UNL:1,RDKit,21,11.453617222353403,3,17.173342151912852,NA,NA,1,0,hydrogen_bonds=1,none=0,0.0,0.0,0.0,0.0,0,3,9,0.0,0.0,0.0,0.0,0,1,0
6GF9,boltz,1,A:X90:201,L:LIG:1,RDKit,19,1.0386265056332278,3,1.832865341880958,161,0.5652760176470899,0,1,none=0,hydrogen_bonds=1,0.3333333333333333,0.5,0.4,0.25,1,2,3,NA,NA,NA,NA,0,0,1
6GF9,vina_top1,1,A:X90:201,L:UNL:1,RDKit,19,11.096586217581086,3,16.996030879786808,NA,NA,0,0,none=0,none=0,0.0,0.0,0.0,0.0,0,2,9,NA,NA,NA,NA,0,0,0
6GFS,boltz,1,A:F15:201,L:LIG:1,RDKit,17,0.795533387100904,3,0.906168799386821,162,0.5601670486064851,0,0,none=0,none=0,0.75,1.0,0.8571428571428571,0.75,3,3,4,NA,NA,NA,NA,0,0,0
6GFS,vina_top1,1,A:F15:201,L:UNL:1,RDKit,17,4.3207658702922505,3,7.648710174489117,NA,NA,0,1,none=0,hydrogen_bonds=1,0.0,0.0,0.0,0.0,0,3,5,NA,NA,NA,NA,0,0,1
6IWP,boltz,1,A:MYR:101,L:LIG:1,RDKit,16,9.789369411493388,3,10.07539976863907,90,0.5643552772224865,0,0,none=0,none=0,0.0,0.0,0.0,0.0,0,5,7,NA,NA,NA,NA,0,0,0
6IWP,vina_top1,1,A:MYR:101,L:UNL:1,RDKit,16,2.672365419904246,3,3.0791656337391133,NA,NA,0,3,none=0,hydrogen_bonds=3,0.7142857142857143,1.0,0.8333333333333333,0.7142857142857143,5,5,7,NA,NA,NA,NA,0,0,3
6LX7,boltz,1,A:STE:502,L:LIG:1,RDKit,20,1.07895844731227,3,1.7822515083365302,268,1.5358457007801891,4,4,hydrogen_bonds=4,hydrogen_bonds=4,1.0,1.0,1.0,1.0,9,9,9,1.0,1.0,1.0,1.0,4,4,4
6LX7,vina_top1,1,A:STE:502,L:UNL:1,RDKit,20,7.943901069373914,3,9.416872605417717,NA,NA,4,1,hydrogen_bonds=4,hydrogen_bonds=1,0.14285714285714285,0.1111111111111111,0.125,0.06666666666666667,1,9,7,0.0,0.0,0.0,0.0,0,4,1
6NOK,boltz,1,A:MYR:401,L:LIG:1,RDKit,16,1.4236332890895147,3,1.7687663637113316,285,1.5406284124095933,3,3,hydrogen_bonds=3,hydrogen_bonds=3,0.8,0.8888888888888888,0.8421052631578948,0.7272727272727273,8,9,10,1.0,1.0,1.0,1.0,3,3,3
6NOK,vina_top1,1,A:MYR:401,L:UNL:1,RDKit,16,7.102410629497565,3,9.829677495557354,NA,NA,3,1,hydrogen_bonds=3,hydrogen_bonds=1,0.0,0.0,0.0,0.0,0,9,8,0.0,0.0,0.0,0.0,0,3,1
6XU5,boltz,1,A:PLM:201,L:LIG:1,RDKit,18,1.0046471064049134,3,0.7070431389180556,133,0.28584168011381844,3,3,hydrogen_bonds=3,hydrogen_bonds=3,1.0,0.875,0.9333333333333333,0.875,7,8,7,1.0,1.0,1.0,1.0,3,3,3
6XU5,vina_top1,1,A:PLM:201,L:UNL:1,RDKit,18,3.501694875342511,3,7.566837406296856,NA,NA,3,3,hydrogen_bonds=3,hydrogen_bonds=3,0.1,0.125,0.11111111111111112,0.058823529411764705,1,8,10,0.0,0.0,0.0,0.0,0,3,3
7E25,boltz,1,A:PLM:202,L:LIG:1,RDKit,18,1.8324507932423242,3,1.8788201354206922,139,2.0124187783479623,2,1,hydrogen_bonds=2,hydrogen_bonds=1,1.0,0.75,0.8571428571428571,0.75,6,8,6,1.0,0.5,0.6666666666666666,0.5,1,2,1
7E25,vina_top1,1,A:PLM:202,L:UNL:1,RDKit,18,4.814141748824787,3,7.854813683340937,NA,NA,2,3,hydrogen_bonds=2,hydrogen_bonds=3,0.0,0.0,0.0,0.0,0,8,7,0.0,0.0,0.0,0.0,0,2,3
7FXL,boltz,1,A:MYR:201,L:LIG:1,RDKit,16,2.046281964971755,3,1.8000386284902175,130,0.37343107378721363,3,2,hydrogen_bonds=3,hydrogen_bonds=2,1.0,0.5714285714285714,0.7272727272727273,0.5714285714285714,4,7,4,1.0,0.6666666666666666,0.8,0.6666666666666666,2,3,2
7FXL,vina_top1,1,A:MYR:201,L:UNL:1,RDKit,16,3.6920760589402812,3,7.218775750314822,NA,NA,3,3,hydrogen_bonds=3,hydrogen_bonds=3,0.0,0.0,0.0,0.0,0,7,8,0.0,0.0,0.0,0.0,0,3,3
7FY1,boltz,1,A:MYR:201,L:LIG:1,RDKit,16,1.051462636632797,3,1.7678505855601145,134,0.42804266243493516,3,3,hydrogen_bonds=3,hydrogen_bonds=3,1.0,0.8571428571428571,0.923076923076923,0.8571428571428571,6,7,6,1.0,1.0,1.0,1.0,3,3,3
7FY1,vina_top1,1,A:MYR:201,L:UNL:1,RDKit,16,3.4685042075078987,3,1.3117035996494533,NA,NA,3,2,hydrogen_bonds=3,hydrogen_bonds=2,0.7142857142857143,0.7142857142857143,0.7142857142857143,0.5555555555555556,5,7,7,1.0,0.6666666666666666,0.8,0.6666666666666666,2,3,2
7FZK,boltz,1,A:MYR:201,L:LIG:1,RDKit,16,1.422542899264282,3,1.788051681293189,133,0.45492955840413585,2,2,hydrogen_bonds=2,hydrogen_bonds=2,1.0,0.7777777777777778,0.8750000000000001,0.7777777777777778,7,9,7,1.0,1.0,1.0,1.0,2,2,2
7FZK,vina_top1,1,A:MYR:201,L:UNL:1,RDKit,16,1.3678597789978328,3,1.9308988407820162,NA,NA,2,2,hydrogen_bonds=2,hydrogen_bonds=2,0.8571428571428571,0.6666666666666666,0.75,0.6,6,9,7,1.0,1.0,1.0,1.0,2,2,2
7JX2,boltz,1,A:VLP:201,L:LIG:1,RDKit,23,0.8358848794233547,3,0.3646288086755801,135,0.5137783516797672,0,0,none=0,none=0,0.875,0.875,0.875,0.7777777777777778,7,8,8,NA,NA,NA,NA,0,0,0
7JX2,vina_top1,1,A:VLP:201,A:VLP:201,RDKit,23,3.89402463090399,3,3.2168428621864646,NA,NA,0,0,none=0,none=0,0.5714285714285714,0.5,0.5333333333333333,0.36363636363636365,4,8,7,NA,NA,NA,NA,0,0,0
7K3I,boltz,1,A:VLZ:201,L:LIG:1,RDKit,19,0.40503806214698884,3,0.33337781282993734,138,1.7849107980035197,0,0,none=0,none=0,1.0,0.8571428571428571,0.923076923076923,0.8571428571428571,6,7,6,NA,NA,NA,NA,0,0,0
7K3I,vina_top1,1,A:VLZ:201,A:VLZ:201,RDKit,19,2.0983060461138394,3,1.9722053645601922,NA,NA,0,2,none=0,hydrogen_bonds=2,0.875,1.0,0.9333333333333333,0.875,7,7,8,NA,NA,NA,NA,0,0,2
7M6C,boltz,1,A:DAO:201,L:LIG:1,RDKit,14,1.8755221815026326,3,1.8145062223706971,122,0.796592237864971,2,2,hydrogen_bonds=2,hydrogen_bonds=2,0.75,1.0,0.8571428571428571,0.75,6,6,8,1.0,1.0,1.0,1.0,2,2,2
7M6C,vina_top1,1,A:DAO:201,L:UNL:1,RDKit,14,3.4693136723483016,3,2.562640370139101,NA,NA,2,2,hydrogen_bonds=2,hydrogen_bonds=2,0.5,0.6666666666666666,0.5714285714285715,0.4,4,6,8,0.5,0.5,0.5,0.3333333333333333,1,2,2
7Q02,boltz,1,A:PAM:201,L:LIG:1,RDKit,18,0.9010916369978407,3,0.8009041325702023,153,0.9298853329078987,1,2,hydrogen_bonds=1,hydrogen_bonds=2,0.8333333333333334,0.625,0.7142857142857143,0.5555555555555556,5,8,6,0.5,1.0,0.6666666666666666,0.5,1,1,2
7Q02,vina_top1,1,A:PAM:201,L:UNL:1,RDKit,18,9.405083442243114,3,14.262756500760997,NA,NA,1,2,hydrogen_bonds=1,hydrogen_bonds=2,0.0,0.0,0.0,0.0,0,8,7,0.0,0.0,0.0,0.0,0,1,2
7RJI,boltz,1,A:STE:201,L:LIG:1,RDKit,20,7.359202014630496,3,2.5933141188064077,122,0.9191049765131252,0,3,none=0,hydrogen_bonds=3,0.7142857142857143,0.625,0.6666666666666666,0.5,5,8,7,NA,NA,NA,NA,0,0,3
7RJI,vina_top1,1,A:STE:201,L:UNL:1,RDKit,20,8.176954627179668,3,8.15912832843272,NA,NA,0,2,none=0,hydrogen_bonds=2,0.2222222222222222,0.25,0.23529411764705882,0.13333333333333333,2,8,9,NA,NA,NA,NA,0,0,2
7U9D,boltz,1,A:M2R:301,L:LIG:1,RDKit,54,0.7039019273778142,7,0.2259289159299256,203,0.3609071829273315,6,6,attractive_charge=1;hydrogen_bonds=3;ionic=1;salt_bridge=1,attractive_charge=1;hydrogen_bonds=3;ionic=1;salt_bridge=1,1.0,1.0,1.0,1.0,8,8,8,1.0,1.0,1.0,1.0,6,6,6
7U9D,vina_top1,1,A:M2R:301,L:UNL:1,RDKit,54,7.220346784274644,7,2.0937157673107682,NA,NA,6,4,attractive_charge=1;hydrogen_bonds=3;ionic=1;salt_bridge=1,attractive_charge=1;hydrogen_bonds=1;ionic=1;salt_bridge=1,0.875,0.875,0.875,0.7777777777777778,7,8,8,1.0,0.6666666666666666,0.8,0.6666666666666666,4,6,4
7VR6,boltz,1,A:PEF:301,L:LIG:1,RDKit,47,1.326006586960585,7,2.236571721590712,185,0.436008557166914,0,4,none=0,attractive_charge=1;hydrogen_bonds=1;ionic=1;salt_bridge=1,0.6,1.0,0.7499999999999999,0.6,3,3,5,NA,NA,NA,NA,0,0,4
7VR6,vina_top1,1,A:PEF:301,L:UNL:1,RDKit,47,3.859700126153557,7,4.049466755018492,NA,NA,0,1,none=0,hydrogen_bonds=1,0.14285714285714285,0.3333333333333333,0.2,0.1111111111111111,1,3,7,NA,NA,NA,NA,0,0,1
7WVT,boltz,1,A:B7N:501,L:LIG:1,RDKit,57,0.8514273074621375,7,0.25509515100539826,364,0.6436742285534683,6,6,attractive_charge=1;hydrogen_bonds=3;ionic=1;salt_bridge=1,attractive_charge=1;hydrogen_bonds=3;ionic=1;salt_bridge=1,1.0,0.9090909090909091,0.9523809523809523,0.9090909090909091,10,11,10,1.0,1.0,1.0,1.0,6,6,6
7WVT,vina_top1,1,A:B7N:501,L:UNL:1,RDKit,57,6.5351441949755635,7,0.5870470898610146,NA,NA,6,6,attractive_charge=1;hydrogen_bonds=3;ionic=1;salt_bridge=1,attractive_charge=1;hydrogen_bonds=3;ionic=1;salt_bridge=1,1.0,1.0,1.0,1.0,11,11,11,1.0,1.0,1.0,1.0,6,6,6
7YF1,boltz,1,A:PLM:201,L:LIG:1,RDKit,18,1.0271910664588455,3,0.2282248008492774,133,0.4048900774990638,2,2,hydrogen_bonds=2,hydrogen_bonds=2,1.0,0.875,0.9333333333333333,0.875,7,8,7,1.0,1.0,1.0,1.0,2,2,2
7YF1,vina_top1,1,A:PLM:201,L:UNL:1,RDKit,18,6.427833294603331,3,7.297956301170896,NA,NA,2,3,hydrogen_bonds=2,hydrogen_bonds=3,0.16666666666666666,0.125,0.14285714285714288,0.07692307692307693,1,8,6,0.0,0.0,0.0,0.0,0,2,3
7Z6W,boltz,1,A:IG7:201,L:LIG:1,RDKit,63,5.961767821088137,6,6.938438860831809,188,4.005282331157374,1,0,hydrogen_bonds=1,none=0,0.0,0.0,0.0,0.0,0,5,1,0.0,0.0,0.0,0.0,0,1,0
7Z6W,vina_top1,1,A:IG7:201,A:IG7:201,RDKit,63,5.830951836318005,6,5.221725704528469,NA,NA,1,1,hydrogen_bonds=1,hydrogen_bonds=1,0.42857142857142855,0.6,0.5,0.3333333333333333,3,5,7,1.0,1.0,1.0,1.0,1,1,1
8GOT,boltz,1,A:K8U:301,L:LIG:1,RDKit,102,5.8266215396538925,14,0.7247113311315295,208,1.45880750854607,5,6,attractive_charge=1;hydrogen_bonds=2;ionic=1;salt_bridge=1,attractive_charge=1;hydrogen_bonds=3;ionic=1;salt_bridge=1,1.0,1.0,1.0,1.0,8,8,8,0.8333333333333334,1.0,0.9090909090909091,0.8333333333333334,5,5,6
8GOT,vina_top1,1,A:K8U:301,L:UNL:1,RDKit,102,13.69147738594356,14,3.407800474122359,NA,NA,5,4,attractive_charge=1;hydrogen_bonds=2;ionic=1;salt_bridge=1,attractive_charge=1;hydrogen_bonds=1;ionic=1;salt_bridge=1,0.875,0.875,0.875,0.7777777777777778,7,8,8,0.25,0.2,0.22222222222222224,0.125,1,5,4
8GYN,boltz,1,A:6OU:201,L:LIG:1,RDKit,49,2.6222424962509785,7,1.572334590937356,160,0.8269718763065285,4,7,attractive_charge=1;hydrogen_bonds=1;ionic=1;salt_bridge=1,attractive_charge=2;hydrogen_bonds=1;ionic=2;salt_bridge=2,0.8,1.0,0.888888888888889,0.8,4,4,5,0.42857142857142855,0.75,0.5454545454545454,0.375,3,4,7
8GYN,vina_top1,1,A:6OU:201,L:UNL:1,RDKit,49,7.278676406896113,7,7.495354676741931,NA,NA,4,4,attractive_charge=1;hydrogen_bonds=1;ionic=1;salt_bridge=1,attractive_charge=1;hydrogen_bonds=1;ionic=1;salt_bridge=1,0.25,0.5,0.3333333333333333,0.2,2,4,8,1.0,1.0,1.0,1.0,4,4,4
8IVL,boltz,1,A:CLR:201,L:LIG:1,RDKit,28,4.426275875497484,1,5.832626186143144,134,0.7905788919356365,2,1,hydrogen_bonds=2,hydrogen_bonds=1,0.0,0.0,0.0,0.0,0,5,3,0.0,0.0,0.0,0.0,0,2,1
8IVL,vina_top1,1,A:CLR:201,A:CLR:201,RDKit,28,3.4475024085768027,1,7.607896292668559,NA,NA,2,2,hydrogen_bonds=2,hydrogen_bonds=2,0.16666666666666666,0.2,0.1818181818181818,0.1,1,5,6,0.0,0.0,0.0,0.0,0,2,2
8QJZ,boltz,1,A:LP5:303,L:LIG:1,RDKit,48,1.0366815327462735,6,1.8447555725048654,240,0.6599414516789229,10,10,attractive_charge=2;hydrogen_bonds=4;ionic=2;salt_bridge=2,attractive_charge=2;hydrogen_bonds=4;ionic=2;salt_bridge=2,1.0,1.0,1.0,1.0,8,8,8,1.0,1.0,1.0,1.0,10,10,10
8QJZ,vina_top1,1,A:LP5:303,L:UNL:1,RDKit,48,10.372641145500664,6,10.763883244442965,NA,NA,10,2,attractive_charge=2;hydrogen_bonds=4;ionic=2;salt_bridge=2,hydrogen_bonds=2,0.16666666666666666,0.125,0.14285714285714288,0.07692307692307693,1,8,6,0.0,0.0,0.0,0.0,0,10,2
8T5T,boltz,1,A:STE:310,L:LIG:1,RDKit,20,8.621279992046981,3,16.631688327371627,195,3.1221629499252517,2,1,hydrogen_bonds=2,hydrogen_bonds=1,0.0,0.0,0.0,0.0,0,7,5,0.0,0.0,0.0,0.0,0,2,1
8T5T,vina_top1,1,A:STE:310,L:UNL:1,RDKit,20,5.266855399571931,3,1.864410451948105,NA,NA,2,2,hydrogen_bonds=2,hydrogen_bonds=2,1.0,0.7142857142857143,0.8333333333333333,0.7142857142857143,5,7,5,1.0,1.0,1.0,1.0,2,2,2
