pdb_id,method,protein_rmsd,ligand,rmsd_global,rmsd_pocket,n_residues,policy
1B56,boltz,0.45209804159288164,PLM,2.1094379371118603,2.0708582662822943,133,chem
1B56,vina,0.0,PLM,4.008871370681115,4.008871370681116,133,chem
1DSY,boltz,0.3221580086593235,PSF,12.786540322399166,12.721488978952905,137,chem
1DSY,vina,0.0,PSF,5.3796113056614026,5.379611305661401,137,chem
1FDQ,boltz,0.5612493610481663,HXA,3.2655854546949135,3.2696006720521593,262,chem
1FDQ,vina,0.0,HXA,4.940574190651663,4.940574190651667,262,chem
1FE3,boltz,0.5400196709207858,OLA,1.238485574910022,1.246338989395981,131,chem
1FE3,vina,0.0,OLA,5.927460586119488,5.927460586119489,131,chem
1FK1,boltz,0.22551653061846882,DAO,1.4651152343867884,1.4490525634460014,93,chem
1FK1,vina,0.0,DAO,3.4351387994415266,3.4351387994415266,93,chem
1FK4,boltz,0.20996879546749259,STE,1.0070854175218789,1.0160116519419278,93,chem
1FK4,vina,0.0,STE,2.6954734092548556,2.6954734092548533,93,chem
1G74,boltz,0.3655986512151195,OLA,5.677130341830398,5.679216414820254,131,by-name
1G74,vina,0.0,OLA,3.3164499920849106,3.316449992084911,131,by-name
1H6H,boltz,0.48811550326304254,PIB,1.7821268368592433,1.6450730085627159,143,chem
1H6H,vina,0.0,PIB,9.980761347999174,9.980761347999174,143,chem
1HMR,boltz,0.2135275514477469,ELA,1.0142907684879041,1.0132583028139968,131,chem
1HMR,vina,0.0,ELA,2.445514158617777,2.445514158617773,131,chem
1HMS,boltz,0.2240117798648392,OLA,0.9672120603751231,0.9672491679293387,131,chem
1HMS,vina,0.0,OLA,5.202583151666105,5.202583151666102,131,chem
1HMT,boltz,0.18200541766197104,STE,0.5179990747388447,0.5235411032792857,131,chem
1HMT,vina,0.0,STE,5.426545812024438,5.426545812024435,131,chem
1ICM,boltz,0.48870280205770517,MYR,2.901668187856819,2.962871939195556,131,chem
1ICM,vina,0.0,MYR,2.860474556345503,2.860474556345502,131,chem
1ICN,boltz,0.48046132974866373,OLA,3.0251757536754043,3.0492625474307906,131,by-name
1ICN,vina,0.0,OLA,8.54944734471182,8.549447344711817,131,by-name
1IKT,boltz,0.3858516203724949,OXN,0.9979750350129867,1.0295371584056763,115,chem
1IKT,vina,0.0,OXN,2.7931704781484425,2.7931704781484434,115,chem
1LFO,boltz,0.48849782752595333,OLA,2.4232184592621033,2.4131558315698287,126,chem
1LFO,vina,0.0,OLA,4.74297108888511,4.7429710888851115,126,chem
1LID,boltz,0.32778219695712574,OLA,4.46803182540988,4.471323993220335,131,chem
1LID,vina,0.0,OLA,5.669573767048098,5.669573767048094,131,chem
1LN1,boltz,0.4110377020234384,DLP,0.9822414255417531,0.9423318592390512,203,by-name
1LN1,vina,0.0,DLP,7.327900607596612,7.327900607596611,203,by-name
1LRI,boltz,0.3332765040326037,CLR,0.7549396794796053,0.7727333985040556,98,chem
1LRI,vina,0.0,CLR,1.2036789735758329,1.2036789735758333,98,chem
1LV2,boltz,0.6452577252204582,PLM,1.2978632351507087,1.2924701394057592,225,chem
1LV2,vina,0.0,PLM,8.627137902507931,8.627137902507933,225,chem
1MID,boltz,0.33947880950310827,LAP,4.029855783884234,4.021114635240578,91,by-name
1MID,vina,0.0,LAP,6.388281883931817,6.388281883931817,91,chem
1MZM,boltz,0.17396225111638447,PLM,1.843265283452893,1.823387529676937,93,chem
1MZM,vina,0.0,PLM,2.220424909286005,2.2204249092860056,93,chem
1N83,boltz,0.469945356454898,CLR,0.7383018893602158,0.7361444146256104,251,chem
1N83,vina,0.0,CLR,0.6253043544661157,0.6253043544661149,251,chem
1O8V,boltz,0.5759036968108264,PLM,0.6405066225228584,0.6182380876098025,132,chem
1O8V,vina,0.0,PLM,6.301398059161157,6.301398059161156,132,chem
1OCU,boltz,0.47903992002378604,PIB,0.7067932397060045,0.5432499466125508,264,chem
1OCU,vina,0.0,PIB,0.919694242669813,0.9196942426698178,264,chem
1P6E,boltz,0.17282773447189195,PC5,1.0441803820808644,1.031278220376451,245,by-name
1P6E,vina,0.0,PC5,6.297364749299051,6.297364749299052,245,by-name
1PUB,boltz,0.6740273369351552,3PH,1.580748597328787,1.539191315717822,162,chem
1PUB,vina,0.0,3PH,10.636917330301419,10.636917330301422,162,chem
1PZ4,boltz,0.43595514816107206,PLM,0.6400627455596614,0.5372209242503894,113,chem
1PZ4,vina,0.0,PLM,3.0258251950684585,3.025825195068463,113,chem
1S8G,boltz,0.5498158276921327,DAO,1.5460842988494707,1.5132986294111814,121,chem
1S8G,vina,0.0,DAO,4.952677003399271,4.952677003399274,121,chem
1SX6,boltz,0.27466897240099636,SPH,4.13534688880536,4.154443118941103,205,chem
1SX6,vina,0.0,OLA,9.161320665348052,9.161320665348056,205,chem
1T27,boltz,0.5878467014214496,PCW,1.6508307779578661,1.6249840242570561,269,by-name
1T27,vina,0.0,PCW,11.864435470642379,11.864435470642375,269,by-name
1TC8,boltz,0.28697392103907987,TDA,0.42040246102039147,0.4694084034486778,118,chem
1TC8,vina,0.0,TDA,5.165069060525714,5.165069060525716,118,chem
1VYF,boltz,0.44312144662415964,OLA,0.7612569187584479,0.7666627225680968,135,by-name
1VYF,vina,0.0,OLA,6.096560058754444,6.096560058754444,135,by-name
1YIV,boltz,0.48343437040221726,EPE,5.7897366029156165,5.780918354452149,131,by-name
1YIV,vina,0.0,EPE,5.518940870613972,5.518940870613972,131,by-name
2A1L,boltz,0.46003360800562026,PCW,0.9636866975446159,0.9428686744630556,269,by-name
2A1L,vina,0.0,PCW,8.161710156896358,8.161710156896362,269,by-name
2ALG,boltz,0.32963125886141026,DAO,5.4859823967186925,5.5752159728171,184,chem
2ALG,vina,0.0,DAO,5.303124739245721,5.303124739245722,184,chem
2B5S,boltz,0.23626901637670658,DAO,5.59436915591737,5.540531564079601,184,chem
2B5S,vina,0.0,DAO,4.316350467367409,4.316350467367409,184,chem
2BV7,boltz,0.42478623570188384,GM3,1.1475705056826861,1.1553435531867933,202,chem
2BV7,vina,0.0,GM3,4.975732910838362,4.975732910838363,202,chem
2DT8,boltz,0.3955404777047457,PLM,0.6960800911951347,0.692180531190614,277,chem
2DT8,vina,0.0,PLM,8.491018725688921,8.491018725688928,277,chem
2E3N,boltz,0.40053772525961584,6CM,3.3715976764603615,3.3747898019051954,231,chem
2E3N,vina,0.0,6CM,3.6433172727611858,3.643317272761184,231,chem
2E59,boltz,0.6157733749834813,LP5,1.310474800517147,1.2336814924807133,144,chem
2E59,vina,0.0,LP5,7.6606454226564145,7.660645422656413,144,chem
2FTB,boltz,0.556490193042167,OLA,9.180738064691853,9.290177233361337,125,chem
2FTB,vina,0.0,OLA,8.831033345537774,8.831033345537778,125,chem
2HMB,boltz,0.4847381747012101,PLM,1.0834964271499716,1.0767036103995637,131,chem
2HMB,vina,0.0,PLM,4.040268424801063,4.040268424801065,131,chem
2IFB,boltz,0.4601801885143915,PLM,2.7583336486538914,2.818841578126953,131,chem
2IFB,vina,0.0,PLM,5.189801013098244,5.189801013098241,131,chem
2LKK,boltz,1.003352830356031,OLA,2.721722029445033,2.7778074783191284,1260,by-name
2LKK,vina,0.0,OLA,7.898085150845108,7.898085150845108,1260,by-name
2OVD,boltz,0.533326256985393,DAO,0.8394131492032658,0.7947428265065468,162,chem
2OVD,vina,0.0,DAO,4.236256560084288,4.2362565600842865,162,chem
2WC5,boltz,0.33132366694773857,BOM,1.2036879817091428,1.2452088934515784,141,chem
2WC5,vina,0.0,BOM,7.199003186716404,7.199003186716405,141,chem
2WEW,boltz,0.48432718680193115,MYR,1.751893773217527,1.7443690141951524,170,chem
2WEW,vina,0.0,MYR,2.8265424660705167,2.826542466070517,170,chem
2WEX,boltz,0.612587784328925,GYM,0.7975241341960768,0.7985880218391144,159,chem
2WEX,vina,0.0,GYM,2.981686778925487,2.9816867789254866,159,chem
2WR6,boltz,0.4409935310920113,ODT,4.1006829436898595,4.046662123271765,174,chem
2WR6,vina,0.0,ODT,2.9521905087578624,2.9521905087578624,174,chem
2WUT,boltz,0.19960862944671828,PLM,0.8265878740214099,0.8173817711737836,133,chem
2WUT,vina,0.0,PLM,3.340615021552501,3.340615021552504,133,chem
2Z9Y,boltz,0.5449521937962051,DDR,2.1279379944520507,2.0192282364724368,230,chem
2Z9Y,vina,0.0,DDR,1.3966975718253596,1.3966975718253603,230,chem
2Z9Z,boltz,0.5757659351722809,DDR,4.660571910319736,4.59131346424057,235,chem
2Z9Z,vina,0.0,DDR,4.417955563056612,4.417955563056611,235,chem
3AKN,boltz,0.27084609994916686,11D,1.011380459792264,0.9816750631137595,130,chem
3AKN,vina,0.0,11D,1.5282805588852681,1.5282805588852684,130,chem
3BFH,boltz,0.3729839099090399,PLM,10.028873703754456,10.043107810283534,116,chem
3BFH,vina,0.0,PLM,8.31325499829439,8.313254998294386,116,chem
3BKR,boltz,0.8022061974458048,PLM,2.5396914741491914,2.283438924401249,119,chem
3BKR,vina,0.0,PLM,4.073642971046378,4.073642971046376,119,chem
3BKS,boltz,0.7867967105305896,PLM,2.1987312001741066,1.9371495350310808,119,chem
3BKS,vina,0.0,PLM,9.079963901054036,9.079963901054038,119,chem
3FYS,boltz,0.4245345343150553,PLM,0.9988029552610376,1.0013358884944097,282,chem
3FYS,vina,0.0,PLM,0.803554948684628,0.8035549486846281,282,chem
3GKI,boltz,0.5721644076603709,CLR,0.5756735395584112,0.5504251634508788,225,chem
3GKI,vina,0.0,CLR,0.8975024472708386,0.8975024472708376,225,chem
3GPE,boltz,0.39001141558495145,PT5,5.678491019308711,5.659243147910698,137,chem
3GPE,vina,0.0,PT5,5.324684634636434,5.324684634636428,137,chem
3KYQ,boltz,0.45526754384678836,DPV,0.9181819810385166,0.9488170570044046,193,by-name
3KYQ,vina,0.0,DPV,8.126815775700464,8.126815775700466,193,by-name
3L1N,boltz,0.5424708974912968,PLM,3.8738059779391634,3.905081067240484,152,chem
3L1N,vina,0.0,PLM,10.841786020352512,10.841786020352517,152,chem
3LUP,boltz,0.4043032479602911,ELA,0.5671856004285608,0.5340396065435941,279,chem
3LUP,vina,0.0,ELA,2.0287662876733683,2.0287662876733688,279,chem
3PEG,boltz,0.772081182197927,PEV,5.180375441199974,5.181231829656284,244,chem
3PEG,vina,0.0,PEV,8.375792046383152,8.375792046383152,244,chem
3PL5,boltz,0.49998617328647277,PLM,1.2293298918266036,1.1567328073823975,277,chem
3PL5,vina,0.0,PLM,1.7426822876117074,1.742682287611703,277,chem
3PPT,boltz,0.3243058147418879,PAM,0.7431764890790494,0.7359727540902278,133,chem
3PPT,vina,0.0,PAM,4.875393431417728,4.875393431417727,133,chem
3RGQ,boltz,0.37374361487487295,5P5,0.6166928888685351,0.6887676438079284,156,by-name
3RGQ,vina,0.0,5P5,4.988761809016018,4.988761809016018,156,by-name
3S0K,boltz,0.5706856780164301,03F,0.4544136392030704,0.399586378463996,203,chem
3S0K,vina,0.0,03F,12.051789568521416,12.051789568521416,203,chem
3STM,boltz,0.4669547234355315,PLM,2.3401080676690005,2.27083681141156,127,chem
3STM,vina,0.0,PLM,3.426712337568538,3.4267123375685395,127,chem
3W9K,boltz,0.6562012320719927,MYR,9.107096789616563,8.859696640095349,135,chem
3W9K,vina,0.0,MYR,2.2233340111193387,2.223334011119339,135,chem
3WEB,boltz,0.7179924744224312,OLA,4.182119493583211,4.194312174254968,132,chem
3WEB,vina,0.0,OLA,2.976705066008388,2.976705066008387,132,chem
4AZP,boltz,0.35468477998940745,A9M,1.9307299235051993,1.9140552582635382,134,chem
4AZP,vina,0.0,A9M,4.783639689608739,4.783639689608739,134,chem
4DOL,boltz,0.6805104483795239,PLM,7.650647902423832,7.75742274174285,207,chem
4DOL,vina,0.0,PLM,5.756794386732176,5.756794386732177,207,chem
4INQ,boltz,0.5004799980824891,PIF,1.1787489836913692,1.0925024951120477,372,chem
4INQ,vina,0.0,PIF,3.9284903278249215,3.9284903278249224,372,chem
4K80,boltz,0.6573397819838436,1PW,1.048194243609662,0.9656936210243696,209,chem
4K80,vina,0.0,1PW,3.245693591954906,3.245693591954909,209,chem
4N03,boltz,0.4959675707572801,PLM,2.97573608876325,3.023424384220224,381,by-name
4N03,vina,0.0,PLM,5.735262073833731,5.735262073833729,381,by-name
4NS0,boltz,0.48258110197127774,PIO,3.087601628948118,3.0185073515229943,128,chem
4NS0,vina,0.0,PIO,6.07131386352343,6.071313863523428,128,chem
4QA8,boltz,0.35314291863504954,PJZ,0.48059454562547027,0.46734445554030574,210,chem
4QA8,vina,0.0,PJZ,5.767509330928983,5.767509330928989,210,chem
4RC8,boltz,0.4403635504059601,STE,1.2603676342352907,1.207380930274417,444,chem
4RC8,vina,0.0,STE,6.716490508442636,6.716490508442634,444,chem
4TKB,boltz,0.09588269401743323,DAO,0.18824662728465247,0.17783884583177056,133,chem
4TKB,vina,0.0,P6G,7.242104782741721,7.24210478274172,133,chem
4TW3,boltz,0.26430866444443535,STE,1.2053375421797021,1.2076585647852174,222,chem
4TW3,vina,0.0,STE,8.166895897463126,8.16689589746313,222,chem
4WBK,boltz,0.22805980321356575,STE,0.4656093096963303,0.467476550892087,133,chem
4WBK,vina,0.0,STE,4.31624523167996,4.31624523167996,133,chem
4X9X,boltz,0.5732150198633448,OLA,0.8711691942678811,2.0327110545194547,268,chem
4X9X,vina,0.0,OLA,1.9434065838110126,1.943406583811015,268,chem
5B27,boltz,0.09796901887601776,PLM,0.8952456449228717,0.8953347295152189,133,by-name
5B27,vina,0.0,PLM,6.743698544237838,6.743698544237837,133,by-name
5BVT,boltz,0.3558338012876836,PAM,2.3206232098508583,2.3223807029267283,134,chem
5BVT,vina,0.0,PAM,2.4811973811940966,2.4811973811940957,134,chem
5K8K,boltz,0.3857912158882905,LP5,0.6241354052769111,0.6267055685618459,233,chem
5K8K,vina,0.0,LP5,9.210276729691676,9.210276729691678,233,chem
5NU2,boltz,0.463959878223937,PLM,1.3718085211719535,1.3733621025628489,175,chem
5NU2,vina,0.0,PLM,1.9602524213874997,1.960252421387501,175,chem
5NU6,boltz,0.3945851765197255,PLM,1.327777599177867,1.3229165758154386,175,chem
5NU6,vina,0.0,PLM,2.1514648239952447,2.1514648239952443,175,chem
5NUA,boltz,0.38888935879438213,DAO,1.6431924914006002,1.5921943114976098,175,chem
5NUA,vina,0.0,DAO,1.8425325157045602,1.8425325157045607,175,chem
5UWZ,boltz,0.5521671041647401,STE,1.3918531279044684,1.394005517443271,219,chem
5UWZ,vina,0.0,STE,8.14907915349949,8.149079153499493,219,chem
5Y5C,boltz,0.39307418392470594,HXA,3.463786342434608,3.431171111581453,317,chem
5Y5C,vina,0.0,HXA,3.3323328352672097,3.3323328352672115,317,chem
6C74,boltz,0.24387546354920853,PC,0.3220784378288492,0.30979220577539024,111,by-name
6C74,vina,0.0,PC,4.372375441336209,4.372375441336209,111,by-name
6DGG,boltz,0.3599081035392125,DAO,0.3003447159725114,0.309041311016052,103,chem
6DGG,vina,0.0,DAO,2.944551809213562,2.9445518092135616,103,chem
6DKE,boltz,0.6465784591791588,PLM,1.2910529129698636,1.2144490668834025,283,chem
6DKE,vina,0.0,PLM,1.5104141264346456,1.5104141264346465,283,chem
6E5F,boltz,0.2848582422531675,L6T,0.7101807880517883,0.6993013710096685,173,chem
6E5F,vina,0.0,L6T,6.065687883008586,6.065687883008582,173,chem
6EW2,boltz,0.3293939777876558,PLM,0.9623956603712575,0.9566681204018355,133,chem
6EW2,vina,0.0,PLM,1.7294346378706145,1.7294346378706182,133,chem
6EW4,boltz,0.3067197759405988,PLM,1.0326333102461516,1.0304584895882807,133,chem
6EW4,vina,0.0,PLM,3.3924432689926207,3.392443268992621,133,chem
6GE7,boltz,0.4056594777089793,EW8,1.3528406041094787,1.3767862318589748,162,chem
6GE7,vina,0.0,EW8,11.453617222353403,11.4536172223534,162,chem
6GF9,boltz,0.32328084620728936,X90,0.8744828989559932,0.9063697317987398,161,chem
6GF9,vina,0.0,X90,11.096586217581086,11.096586217581088,161,chem
6GFS,boltz,0.2787566697143216,F15,0.7786599956279686,0.7783456241259245,162,chem
6GFS,vina,0.0,F15,4.3207658702922505,4.320765870292249,162,chem
6IWP,boltz,0.5567779197271868,MYR,11.07214249862593,10.997211848853091,90,chem
6IWP,vina,0.0,MYR,2.6723654199042466,2.6723654199042453,90,chem
6LX7,boltz,0.3357318910497719,STE,1.0741928776566956,1.0744561836092308,268,chem
6LX7,vina,0.0,STE,7.943901069373912,7.943901069373914,268,chem
6MD0,boltz,0.31405770266244315,OLA,1.431582502742289,1.4273022775808686,512,chem
6MD0,vina,0.0,OLA,2.5757903447291675,2.5757903447291666,512,chem
6NOK,boltz,0.6880864686992391,MYR,1.429997210257384,1.423351592347906,285,chem
6NOK,vina,0.0,MYR,7.102410629497565,7.102410629497565,285,chem
6XU5,boltz,0.24628402166118932,PLM,0.9536535047320946,0.9569175176131545,133,chem
6XU5,vina,0.0,PLM,3.5016948753425097,3.501694875342509,133,chem
7DEI,boltz,0.6805398226145742,PIF,1.205201098889387,1.1778462962938778,753,chem
7DEI,vina,0.0,PIF,1.6468862374401496,1.6468862374401465,753,chem
7E25,boltz,0.4583183678408168,PLM,1.7615122781857226,1.7007527099344226,139,chem
7E25,vina,0.0,PLM,4.81414174882479,4.81414174882479,139,chem
7FW5,boltz,0.2591347544350551,PLM,1.1640683837329786,1.163900063636694,133,by-name
7FW5,vina,0.0,PLM,5.744574232361448,5.7445742323614475,133,by-name
7FXL,boltz,0.3605523787079907,MYR,1.9480899709379096,1.934613058887247,130,chem
7FXL,vina,0.0,MYR,3.6920760589402803,3.69207605894028,130,chem
7FY1,boltz,0.4350166826721454,MYR,1.3626897980054413,1.3543993232376135,134,chem
7FY1,vina,0.0,MYR,3.4685042075078973,3.468504207507899,134,chem
7FZK,boltz,0.3948790077624959,MYR,1.4179451037399433,1.4196707953166068,133,chem
7FZK,vina,0.0,MYR,1.3678597789978326,1.3678597789978328,133,chem
7JX2,boltz,0.2525235755684743,VLP,0.8052685724307777,0.7957521210068244,135,chem
7JX2,vina,0.0,VLP,3.89402463090399,3.8940246309039903,135,chem
7K3I,boltz,0.24106935217233139,VLZ,0.44308467606846147,0.42265674273220055,138,chem
7K3I,vina,0.0,VLZ,2.0983060461138394,2.0983060461138416,138,chem
7M6C,boltz,0.60522639157682,DAO,1.7761435080765904,1.6401713164045022,122,chem
7M6C,vina,0.0,DAO,3.4693136723483016,3.469313672348302,122,chem
7NSR,boltz,0.1859937484588709,PLM,1.0274035896032105,1.0081910506244232,132,by-name
7NSR,vina,0.0,PLM,7.514003566325715,7.514003566325714,132,by-name
7O60,boltz,0.3021118427497829,PLM,0.7213550626020319,0.7269606500870076,133,by-name
7O60,vina,0.0,CIT,inf,inf,133,by-name
7Q02,boltz,0.6337579971146088,PAM,1.7315398808754732,1.787130438907935,153,chem
7Q02,vina,0.0,PAM,9.405083442243114,9.40508344224311,153,chem
7RJI,boltz,0.6662273114524316,STE,6.810897844058899,6.706426707123403,122,chem
7RJI,vina,0.0,STE,8.176954627179668,8.176954627179668,122,chem
7U9D,boltz,0.3675179775020264,M2R,0.582023293791001,0.5769546139346506,203,by-name
7U9D,vina,0.0,M2R,7.888886978481772,7.888886978481772,203,by-name
7VR6,boltz,0.47835616272245457,PEF,1.3105695888090243,1.3063893003095106,185,chem
7VR6,vina,0.0,PEF,3.859700126153557,3.8597001261535566,185,chem
7W9A,boltz,0.4414129909826122,DAO,1.4438536476492492,1.4617396415692605,90,chem
7W9A,vina,0.0,DAO,7.060565784948521,7.060565784948519,90,chem
7WKB,boltz,0.10130829175304261,HXA,0.9413209747878934,0.9435546845506426,133,by-name
7WKB,vina,0.0,HXA,5.036985031577258,5.036985031577259,133,by-name
7WVT,boltz,0.4070446495485561,B7N,0.9255403514580929,0.9074713726029052,364,chem
7WVT,vina,0.0,B7N,6.535144194975565,6.535144194975565,364,chem
7YF1,boltz,0.37192229098748397,PLM,0.9292859624562142,0.9695978247019398,133,chem
7YF1,vina,0.0,PLM,6.42783329460333,6.427833294603328,133,chem
7Z6W,boltz,0.6988068291447544,IG7,5.840163653199712,5.837665087508997,188,chem
7Z6W,vina,0.0,IG7,5.830951836318005,5.830951836318005,188,chem
8GOT,boltz,0.5082524494493822,K8U,5.905425007210051,5.770535107945324,208,chem
8GOT,vina,0.0,K8U,13.691477385943562,13.691477385943564,208,chem
8GYN,boltz,0.33996621479537276,6OU,1.0882920131022045,1.0945857136763137,160,chem
8GYN,vina,0.0,6OU,7.278676406896114,7.278676406896113,160,chem
8IVL,boltz,0.4824602462378558,CLR,4.251623653023293,4.174139587922068,134,chem
8IVL,vina,0.0,CLR,3.4475024085768027,3.4475024085768013,134,chem
8QJZ,boltz,0.5986828487975978,LP5,1.095648772804207,1.0894761914932858,239,chem
8QJZ,vina,0.0,LP5,10.372641145500662,10.372641145500673,239,chem
8T5T,boltz,0.7578978510459683,STE,4.375589064667087,4.589875247027215,195,chem
8T5T,vina,0.0,STE,5.26685539957193,5.266855399571931,195,chem
